away_win,draw,home_win
0.15469075424817388,0.22228765635682643,0.6230215893949997
0.14741394703817817,0.20775597141230615,0.6448300815495156
0.35711744912406584,0.3161947263434385,0.32668782453249573
0.2991360013380694,0.278506144945654,0.42235785371627654
0.40349542564434776,0.2906614020872073,0.30584317226844493
0.19936425770914284,0.24248332124908345,0.5581524210417736
0.29901792758429707,0.25077815164834066,0.45020392076736243
0.22580843017009608,0.27083806179188485,0.503353508038019
0.33382930021980967,0.27732551507200986,0.38884518470818047
0.5437417924920392,0.27106087952519553,0.18519732798276514
0.2271746016677852,0.3584326178434186,0.4143927804887963
0.15207351096215582,0.2701325194716629,0.5777939695661812
0.41925036584000186,0.23672472944999728,0.34402490471000086
0.37338016349957315,0.30818630035869865,0.3184335361417281
0.2657185042211895,0.34154888065647765,0.3927326151223328
0.25633496671748907,0.28806658788248757,0.4555984454000233
0.2337396595301077,0.3784089001611292,0.3878514403087632
0.2675418283693062,0.30112384038154316,0.4313343312491507
0.27116738867316514,0.30007065122552457,0.42876196010131024
0.6032675686123683,0.22115063859573356,0.1755817927918982
0.35555505073197036,0.26555167833192406,0.37889327093610553
0.2793863354244576,0.38286535098011,0.3377483135954324
0.2762128330820341,0.32577817581112317,0.3980089911068427
0.1875965052020985,0.30184911150546767,0.510554383292434
0.1744542111099553,0.2488039743436762,0.5767418145463685
0.3603235752083349,0.21597802478618255,0.42369840000548253
0.545828353655549,0.26826363995239233,0.1859080063920586
0.3418362697131903,0.27321450465943514,0.38494922562737444
0.25583477435446744,0.36817753813226967,0.3759876875132629
0.25875266531689306,0.2962559063605182,0.4449914283225887
0.37549614272914134,0.2698742917072801,0.3546295655635785
0.24205485416851982,0.2798522100687091,0.47809293576277107
0.38152021409973397,0.29925432995306306,0.319225455947203
0.3533903838074677,0.3561998489630815,0.2904097672294508
0.349009051024046,0.2993073512325597,0.35168359774339425
0.2675306169869025,0.3422139673878916,0.39025541562520594
0.21809114333117888,0.23041562025678314,0.5514932364120381
0.16731735426905256,0.3197957034204514,0.512886942310496
0.21542990152112795,0.26016647861165504,0.5244036198672171
0.3087825051227256,0.29760708387566653,0.3936104110016079
0.27756059847210485,0.30249604158043547,0.4199433599474596
0.30021827431798725,0.3317498798082824,0.3680318458737304
0.27882492543344567,0.34061581608172337,0.3805592584848309
0.23761854574634358,0.2665053604584605,0.495876093795196
0.4203452537232115,0.27824667176294077,0.30140807451384766
0.3138940045061645,0.3276341068647832,0.35847188862905227
0.27046883533217664,0.28968280594270696,0.43984835872511646
0.40475813968541363,0.28281901861986924,0.31242284169471707
0.3867297104453228,0.3304975894204197,0.28277270013425765
0.5825197339814411,0.23505146356481119,0.1824288024537477
0.14741394703817817,0.20775597141230615,0.6448300815495156
0.40856038779118675,0.2962326948267192,0.29520691738209404
0.33115265414952916,0.28807283972728887,0.38077450612318203
0.25442638790940064,0.20960930398254984,0.5359643081080495
0.3743351310553329,0.2995212584987462,0.32614361044592094
0.16832319761709086,0.23970443784082088,0.5919723645420882
0.43627883367822096,0.2649220789947587,0.2987990873270203
0.15407824114476218,0.2269944800791091,0.6189272787761287
0.2483077409789654,0.28966792226014276,0.4620243367608918
0.2252508815146737,0.3017321393798796,0.4730169791054466
0.2790203764924205,0.32947765698860615,0.39150196651897345
0.3939589343235772,0.29776187583219743,0.3082791898442254
0.360195067166843,0.3216605959428103,0.31814433689034666
0.2106401212043352,0.28415521850103476,0.50520466029463
0.1853617891345694,0.2994757433032258,0.5151624675622049
0.3004142622878985,0.2941162577275838,0.4054694799845176
0.25894039681129943,0.27818248140925955,0.462877121779441
0.2477789506946405,0.2579608773771547,0.4942601719282047
0.3333998455750228,0.3367468619586569,0.32985329246632034
0.23317726317106993,0.27998925159958643,0.4868334852293436
0.3916679259198696,0.2884539366725415,0.31987813740758897
0.16393307857712835,0.309195015076405,0.5268719063464666
0.17123667008161206,0.2572212280514384,0.5715421018669496
0.2058418192502468,0.30886248713598735,0.48529569361376584
0.3308872455659358,0.29673967730857764,0.37237307712548656
0.24488177500987307,0.2680830664543044,0.48703515853582263
0.3412988901361775,0.33499085894248964,0.3237102509213328
0.6126227055298346,0.2090726771850482,0.17830461728511718
0.25752060621535394,0.2553462395274101,0.48713315425723597
0.23757425373695137,0.22125657258499942,0.5411691736780492
0.2794980666193516,0.29284521463367497,0.4276567187469733
0.2337224797579941,0.2834501462275175,0.48282737401448833
0.2326797361634772,0.3468461239652411,0.42047413987128157
0.4027869219520975,0.28457581351857925,0.3126372645293233
0.27895237150873037,0.24254906154660427,0.47849856694466536
0.2552817594689903,0.30391269469477367,0.440805545836236
0.31037084030906315,0.33375544138696356,0.3558737183039733
0.3331391395584585,0.3217931955019229,0.3450676649396186
0.264975437761519,0.2442708831938878,0.49075367904459316
0.27046883533217664,0.28968280594270696,0.43984835872511646
0.27079028920655074,0.3986564561747702,0.330553254618679
0.2441831296273432,0.3403761307599419,0.41544073961271505
0.2874519761552511,0.2888603540809173,0.42368766976383154
0.30256948019071156,0.2750926858687017,0.4223378339405866
0.21587382428777394,0.3324423287228877,0.4516838469893384
0.4009516622150734,0.3161758377580879,0.2828725000268388
0.16127266481325778,0.24225391018537862,0.5964734250013637
0.3964189501311437,0.2804561613156976,0.32312488855315863
0.5619735014611301,0.24661948825421606,0.1914070102846538
0.14741394703817817,0.20775597141230615,0.6448300815495156
0.3644570764437696,0.22509535855598406,0.4104475650002465
0.5117955023652501,0.2833773383375124,0.20482715929723752
0.6019090502983768,0.2229045553921264,0.1751863943094969
0.15686416435411588,0.2629674265691303,0.5801684090767538
0.24138613320374683,0.3299806379414423,0.42863322885481087
0.2924117607905019,0.3366176131642078,0.37097062604529035
0.28389877433615657,0.305017085304296,0.41108414035954743
0.31283450738189694,0.3549463533285516,0.3322191392895514
0.20970434306561028,0.34492763378273883,0.44536802315165097
0.35394302025923324,0.3131743563352422,0.33288262340552455
0.24697794274676244,0.3155756286802506,0.437446428572987
0.34228865097032796,0.3111658223971479,0.3465455266325242
0.3837896133327406,0.30213451623651805,0.31407587043074137
0.5443293730577091,0.27027317023622505,0.1853974567060658
0.18423752786655495,0.33704548495961256,0.4787169871738323
0.2427678937038628,0.3236854709138565,0.4335466353822808
0.2449601292938109,0.37344002015456224,0.3815998505516269
0.23811574855907275,0.2737726140836252,0.48811163735730206
0.16576356165545983,0.2830817203602637,0.5511547179842765
0.251767801427323,0.3098375140230445,0.4383946845496326
0.2510106419407281,0.30298892909861436,0.44600042896065767
0.3802386103574921,0.27736791174993886,0.342393477892569
0.35889518040273405,0.2968095459908481,0.3442952736064179
0.45525483054018273,0.26584144118882935,0.27890372827098797
0.3317674970664769,0.3300512008605341,0.3381813020729891
0.46698470731537367,0.2521610284031215,0.28085426428150473
0.2258054500982368,0.3329466147333888,0.44124793516837435
0.20124880226212086,0.20850389367450184,0.5902473040633773
0.22910567999437095,0.3271325221457815,0.44376179785984754
0.26501594701908393,0.32419952959846843,0.4107845233824476
0.349009051024046,0.2993073512325597,0.35168359774339425
0.3077845908409586,0.2868545747423254,0.4053608344167161
0.2416592070781123,0.30193050982263475,0.45641028309925297
0.15715000533386433,0.3961846567426759,0.4466653379234597
0.2517240411826682,0.29617648676850766,0.4520994720488241
0.5147672125584568,0.32402216975543924,0.16121061768610398
0.28490411992938225,0.2555834168636417,0.45951246320697603
0.30797828825319645,0.24183454870473314,0.45018716304207024
0.5805039909031597,0.2505395845370419,0.1689564245597983
0.24753587921845563,0.3188243018936386,0.43363981888790576
0.17548048549881098,0.2841691585808896,0.5403503559202995
0.29549588412790295,0.31703198001079197,0.3874721358613051
0.34872901375087995,0.31916015631946626,0.33211082992965385
0.31983701232584233,0.3716483694838508,0.3085146181903068
0.24983963725169142,0.3044084467500812,0.4457519159982274
0.2520276902248495,0.27265485189857475,0.47531745787657564
0.19985611756831387,0.29795419854399613,0.50218968388769
0.37076163880734353,0.2908951508877688,0.33834321030488773
0.3720285555718596,0.2972198830019478,0.33075156142619266
0.2456965561308274,0.30641637084352913,0.44788707302564346
0.23422176583008245,0.3591397147932953,0.40663851937662226
0.2412465412102324,0.2971137625477267,0.46163969624204093
0.3488746593967652,0.31580478437233145,0.3353205562309034
0.2516002675032039,0.3404772193605335,0.40792251313626254
0.23773154244339417,0.3088115079480443,0.4534569496085616
0.3029407451021894,0.38612089174399306,0.3109383631538175
0.261288170859846,0.38678347064307805,0.3519283584970759
0.13853998805295806,0.19524957017762593,0.666210441769416
0.2252508815146737,0.3017321393798796,0.4730169791054466
0.20519118705204642,0.21678667878790348,0.5780221341600502
0.257881330806622,0.27470137852686305,0.46741729066651505
0.2522011578010043,0.28525403347890044,0.4625448087200952
0.2381841336272907,0.26675478040330014,0.49506108596940906
0.35366858941442847,0.32189518213468327,0.32443622845088826
0.3435037813852954,0.2910763258527082,0.36541989276199643
0.28757695437030767,0.27776199608085816,0.4346610495488342
0.25942348020032063,0.31328473100510057,0.4272917887945788
0.3017134627629561,0.3145224565680102,0.38376408066903384
0.33696291000475487,0.28521965721114045,0.3778174327841047
0.34920978666677754,0.24333486873282212,0.40745534460040034
0.1376663319730428,0.24979331609693084,0.6125403519300263
0.23307738706976563,0.28389822892631805,0.4830243840039163
0.25641971797549734,0.38578120671128596,0.3577990753132168
0.21546861183186486,0.2041919764484902,0.5803394117196449
0.24030514122610502,0.32339370168202636,0.4363011570918687
0.15153800786645677,0.22279411784521733,0.6256678742883258
0.2460843521445511,0.2929290569649374,0.4609865908905116
0.24893832997193624,0.25916997012787757,0.4918916999001863
0.2006508847219365,0.3001411601558525,0.4992079551222111
0.24448722609455562,0.3360810883680479,0.41943168553739635
0.3262703090730634,0.2957630868600467,0.37796660406689
0.30737053995427355,0.3507702295948423,0.34185923045088407
0.19298757378281942,0.3010801597458449,0.5059322664713357
0.2669412764501063,0.3362372511692859,0.3968214723806079
0.28464212450172127,0.3191943595988904,0.39616351589938825
0.23419416589461758,0.30385775340560545,0.461948080699777
0.35536876380935,0.2866756720328966,0.35795556415775337
0.5523066340374297,0.27472645693435405,0.17296690902821618
0.2674485529456469,0.25481709316399065,0.47773435389036245
0.3014517087216172,0.2656475859297041,0.4329007053486785
0.34925947698765425,0.34550732254173966,0.30523320047060604
0.3343877656021562,0.3542640173133383,0.31134821708450555
0.5255702041158682,0.2954216732538664,0.17900812263026536
0.24425217033904054,0.24824340175506188,0.5075044279058976
0.15225175406778124,0.22870325109472944,0.6190449948374893
0.2987238246490764,0.3978959503945149,0.3033802249564086
0.24603531955923486,0.37624586411191047,0.3777188163288548
0.3625281730476882,0.3186647392136977,0.3188070877386141
0.19941029263646615,0.3111951012150568,0.48939460614847724
0.3281996253856639,0.29989127669224785,0.3719090979220883
0.25432807676539476,0.3038582250137701,0.4418136982208351
0.33020851302001547,0.294908917909897,0.3748825690700876
0.25332853539797606,0.2583156396867522,0.4883558249152717
0.31312830731680075,0.26002495357083916,0.4268467391123602
0.2495939656160114,0.3275095626768934,0.42289647170709516
0.27247045334635317,0.32948844181359427,0.3980411048400525
0.3139904647863288,0.33178574448708165,0.35422379072658955
0.2781766599963924,0.34127938859089385,0.3805439514127138
0.29938552179800393,0.2608043721286465,0.43981010607334964
0.27046883533217664,0.28968280594270696,0.43984835872511646
0.27940955892530756,0.32300218292586697,0.3975882581488254
0.4643463257526788,0.3095609997022214,0.22609267454509974
0.15089402761734405,0.23558139843389705,0.6135245739487589
0.22811873759162798,0.2885633692629143,0.4833178931454578
0.13853998805295806,0.19524957017762593,0.666210441769416
0.2289011869470392,0.2762243888764272,0.4948744241765336
0.21807885811827846,0.2935472961581994,0.4883738457235222
0.26592986297398485,0.4375623664061565,0.2965077706198585
0.27571397616565824,0.249436936000756,0.4748490878335857
0.27686334203406987,0.2609185302523936,0.46221812771353665
0.26417014066328764,0.2898138552223314,0.446016004114381
0.18470058767602773,0.31835478375614623,0.4969446285678262
0.4090529723179104,0.301595061193682,0.28935196648840766
0.26132036493906563,0.37282903813379104,0.3658505969271433
0.15730589838220713,0.2487549628442747,0.5939391387735181
0.3488746593967652,0.31580478437233145,0.3353205562309034
0.25596978849468177,0.3313081523657379,0.4127220591395804
0.19618241678804216,0.2706972787388173,0.5331203044731405
0.35027107578611316,0.30490421002474616,0.34482471418914074
0.2717140343818469,0.30405221237538826,0.42423375324276474
0.3019072813477913,0.3112857303810258,0.38680698827118287
0.49614947629905803,0.3348630400103646,0.1689874836905774
0.28307887308565344,0.31648401687461625,0.40043711003973026
0.19384776566382653,0.2988705858595394,0.507281648476634
0.3453770336260027,0.349827172399331,0.3047957939746663
0.2905178829550477,0.3077114368696562,0.40177068017529616
0.2695149985513177,0.3363731203090104,0.3941118811396719
0.3621567188559577,0.238114209356541,0.3997290717875012
0.3412771558709327,0.34278388891940853,0.3159389552096587
0.2310628794109341,0.2604407796095585,0.5084963409795074
0.29806226192974866,0.3543628400093571,0.3475748980608943
0.259978306031843,0.3119646053439002,0.4280570886242569
0.25564948537730453,0.3193888387726023,0.42496167585009315
0.3014551952126951,0.28966314725258907,0.40888165753471584
0.17146630560451218,0.24917750775715602,0.5793561866383319
0.3657687764300403,0.3464167844349985,0.2878144391349612
0.2542265402725312,0.31363339271979007,0.4321400670076786
0.1691470297717763,0.23612172476850932,0.5947312454597143
0.32482125420953745,0.29444952283798304,0.3807292229524795
0.27014850433271614,0.3465072612749645,0.38334423439231935
0.16008837406368434,0.23201750390859469,0.607894122027721
0.26352033187356494,0.3424497196566538,0.39402994846978123
0.1951072729494285,0.3165126589098835,0.48838006814068785
0.3953670178755552,0.2896351877224037,0.3149977944020411
0.3093974862801232,0.2703092564269071,0.42029325729296974
0.23866011172567034,0.28905550147104575,0.4722843868032838
0.15219658579674325,0.21870358397756726,0.6290998302256895
0.3401414291438465,0.28607575399268853,0.373782816863465
0.5805039909031597,0.2505395845370419,0.1689564245597983
0.2867638015406897,0.3127167295425118,0.4005194689167984
0.25586215197682144,0.2821514817551626,0.46198636626801587
0.2782141001330822,0.3305835700407425,0.39120232982617537
0.26291557521734976,0.32669476789971613,0.41038965688293405
0.264347861836133,0.30176220056034175,0.4338899376035252
0.3717061631340835,0.27883227638739794,0.3494615604785185
0.23721515987362923,0.30105677550247356,0.46172806462389715
0.21916384856868837,0.22386493795595203,0.5569712134753595
0.261288170859846,0.38678347064307805,0.3519283584970759
0.20390868132657075,0.28143744884514893,0.5146538698282802
0.26749299205357907,0.3351984057070049,0.3973086022394161
0.262465027493908,0.3005510721850817,0.43698390032101037
0.25284679162928414,0.2962613360360152,0.4508918723347007
0.14495529455980133,0.20429090081163792,0.6507538046285607
0.5977519931750777,0.2282715292761194,0.17397647754880297
0.23553670282311165,0.3880718768056698,0.37639142037121853
0.2959830113456549,0.2910443331106091,0.4129726555437359
0.25586215197682144,0.2821514817551626,0.46198636626801587
0.2127834819735799,0.35527479519796257,0.4319417228284575
0.2356594055827659,0.29940603100916646,0.46493456340806766
0.33277888821273777,0.2894463431192861,0.37777476866797627
0.2697365268834556,0.2540963870522691,0.47616708606427516
0.3409313064729413,0.2967030985903344,0.3623655949367243
0.31507447389917964,0.3524808279736288,0.3324446981271916
0.2507249010421852,0.357044706075222,0.39223039288259276
0.5523066340374297,0.27472645693435405,0.17296690902821618
0.29588209242193064,0.32189915226992694,0.3822187553081424
0.254106099812255,0.27835112087443215,0.4675427793133129
0.246531119218482,0.29891682539440445,0.4545520553871137
0.36618834001530254,0.3140235389315399,0.31978812105315757
0.3143891287929175,0.2962961797424263,0.3893146914646562
0.18850410748488852,0.313970506681624,0.49752538583348754
0.27022012953846564,0.3267672084617549,0.4030126619997795
0.23175786067301454,0.24989004420225522,0.5183520951247303
0.2553744707958561,0.25238785111681067,0.4922376780873331
0.3718350805434841,0.2840254031752256,0.3441395162812903
0.3302599698135171,0.2895253461509924,0.3802146840354905
0.21597416911598735,0.27810093120958,0.5059248996744327
0.22513211833661728,0.30446511860777775,0.470402763055605
0.23725452330054078,0.2754238441420785,0.4873216325573807
0.20400829339191795,0.318985117634307,0.47700658897377507
0.19638308551878217,0.3216517083677209,0.48196520611349686
0.2324047248021878,0.2982516870164925,0.4693435881813197
0.4284484509914853,0.2667974530620432,0.30475409594647146
0.24255395109575523,0.3191838302164258,0.43826221868781895
0.2847734443308789,0.28256181261165414,0.43266474305746705
0.5805039909031597,0.2505395845370419,0.1689564245597983
0.2517442242159262,0.31354351583913437,0.4347122599449394
0.34321813682166236,0.3228075157696857,0.33397434740865195
0.1611371916764176,0.22721412401492008,0.6116486843086624
0.2463755483361756,0.264041466324118,0.4895829853397063
0.24705851053604747,0.271332133913107,0.4816093555508456
0.15302065288077946,0.2299517948386436,0.6170275522805769
0.2432892767102883,0.31484779888238196,0.44186292440732977
0.23130963127934354,0.28924041590058075,0.4794499528200756
0.23085142943990572,0.3082333549408713,0.460915215619223
0.20929793079826237,0.2318173790235189,0.5588846901782188
0.39735248331287576,0.3085077257572526,0.2941397909298717
0.35842668748145484,0.3224475850227591,0.31912572749578605
0.23291068662326483,0.2662314671849707,0.5008578461917644
0.27960005448578784,0.37128951578855196,0.34911042972566025
0.19684304248128948,0.3009925766688585,0.502164380849852
0.14495529455980133,0.20429090081163792,0.6507538046285607
0.19980712174775933,0.21283295951663395,0.5873599187356067
0.24603388241172594,0.2780545787980732,0.47591153879020087
0.28013756036033227,0.3020231554046421,0.4178392842350257
0.13644952250976985,0.21858993248645517,0.6449605450037751
0.4143365903251142,0.33666880715744824,0.24899460251743763
0.20216482502784555,0.2687885524695912,0.5290466225025632
0.33623234487276665,0.24315769484395738,0.42060996028327613
0.3067282333559741,0.38274529557538817,0.3105264710686377
0.2474329624860196,0.2953091805780584,0.45725785693592197
0.2476975531171804,0.3629187507918922,0.38938369609092743
0.28853998865715363,0.24278328112825193,0.4686767302145944
0.2805832843373094,0.335420836082959,0.3839958795797317
0.2355137732326166,0.319149329963354,0.4453368968040296
0.24442662914638522,0.2778182353575445,0.47775513549607024
0.2592591132821142,0.3186617542161269,0.42207913250175894
0.3304562904927813,0.31230512428011836,0.35723858522710034
0.36554549518785967,0.29356948659367216,0.3408850182184681
0.378603233089628,0.29400975757197745,0.3273870093383946
0.2020456458943191,0.28233992424248794,0.515614429863193
0.2685395143770261,0.286533728718783,0.4449267569041908
0.31967163730871573,0.37683621288506114,0.3034921498062232
0.21235716076305766,0.30638373863666934,0.48125910060027294
0.37352030816243614,0.3379868414205526,0.2884928504170113
0.31855296070857486,0.3405174692159815,0.34092957007544356
0.24519096279830918,0.2774118459891887,0.47739719121250207
0.49614947629905803,0.3348630400103646,0.1689874836905774
0.5805039909031597,0.2505395845370419,0.1689564245597983
0.26652746075980444,0.2955119909510938,0.4379605482891017
0.24412747619370917,0.25627166623022657,0.4996008575760642
0.42278016174248606,0.2593731843314059,0.31784665392610806
0.24331303365672574,0.23979315443152496,0.5168938119117493
0.1414660461410138,0.22908693912822337,0.6294470147307628
0.23544303722014423,0.27022862976817186,0.494328333011684
0.40543024029220553,0.30686496857731693,0.2877047911304775
0.34828201165208866,0.31260288864697894,0.3391150997009324
0.19598632945028074,0.3037237339966348,0.5002899365530844
0.27247909049073116,0.2940940084765436,0.43342690103272535
0.1624500273420987,0.21881757661424592,0.6187323960436554
0.20208684066312688,0.28020228237102407,0.517710876965849
0.39735248331287576,0.3085077257572526,0.2941397909298717
0.21504398437092503,0.3631220357745746,0.4218339798545005
0.2491127342248659,0.3097303723860069,0.4411568933891272
0.36266443965629175,0.3764414960404241,0.2608940643032841
0.3044925772827638,0.3042678502091018,0.39123957250813446
0.2816704382369882,0.3194308879063162,0.39889867385669564
0.35842668748145484,0.3224475850227591,0.31912572749578605
0.25932727940022,0.3286553889439075,0.41201733165587245
0.21321130136636604,0.35069597797042196,0.43609272066321203
0.2336589131567046,0.26983135064559116,0.4965097361977041
0.27292328664543897,0.28747749341029655,0.43959921994426454
0.15172043131278215,0.22340607404653273,0.6248734946406851
0.30061736480341744,0.25273536638855715,0.44664726880802536
0.2953665769003869,0.3436404873499344,0.36099293574967867
0.25868870167724095,0.3595924386793191,0.38171885964344004
0.23033476846336204,0.2860582046105958,0.48360702692604224
0.2576192086500506,0.35212681474539653,0.39025397660455285
0.2540547110397632,0.3191969663434585,0.42674832261677825
0.2547980370116833,0.2677032766103909,0.47749868637792564
0.3449348376865356,0.29245615052264756,0.36260901179081695
0.2885291432913277,0.2825926979866563,0.428878158722016
0.3850111461745961,0.2849592114056592,0.33002964241974464
0.1611371916764176,0.22721412401492008,0.6116486843086624
0.32862852846785895,0.24314682477993366,0.4282246467522073
0.37140790909666865,0.3178355374250736,0.3107565534782578
0.32739080551174543,0.29022053868123754,0.382388655807017
0.26546860891516266,0.3317489406034342,0.40278245048140315
0.23875982749277208,0.32416523729371266,0.4370749352135153
0.2322247598527998,0.243293410834767,0.5244818293124331
0.2592591132821142,0.3186617542161269,0.42207913250175894
0.3729867221423943,0.3283617209548638,0.2986515569027418
0.22575271593927132,0.2674388996422323,0.5068083844184964
0.25457779169354566,0.23769587922052413,0.5077263290859302
0.2523360977937552,0.28330336921819066,0.46436053298805413
0.41543447147406654,0.27043686339405854,0.314128665131875
0.266590447501336,0.2581449722690392,0.4752645802296248
0.20122523116613455,0.2505184004245104,0.5482563684093551
0.24138613320374683,0.3299806379414423,0.42863322885481087
0.2552454764415042,0.28125843958127245,0.46349608397722336
0.3243128712055764,0.30244752212369186,0.37323960667073186
0.19969721611547872,0.3578493776894074,0.4424534061951138
0.27225823034693936,0.31426106560553135,0.4134807040475291
0.3152211588585151,0.24798064620728957,0.43679819493419536
0.2179805096267861,0.28550578379082625,0.49651370658238764
0.19084877031693984,0.24154101044162,0.5676102192414401
0.32507633471208625,0.30166217612771073,0.3732614891602031
0.23422176583008245,0.3591397147932953,0.40663851937662226
0.1469170393210058,0.24138868456184748,0.6116942761171467
0.2676595485705616,0.3080145225616871,0.42432592886775133
0.3800066541052941,0.3129004682945215,0.3070928776001844
0.23437259923007195,0.277724906707963,0.4879024940619651
0.23483996287797246,0.23606604810769366,0.5290939890143339
0.20594615981104397,0.3460938206050769,0.4479600195838791
0.14073318479539537,0.22119851780077765,0.6380682974038271
0.5006171467332912,0.3176969919054674,0.18168586136124135
0.30517427602510716,0.31671588698682274,0.37810983698807016
0.376238509509543,0.32650558450738937,0.2972559059830676
0.18484815453317743,0.2793472709937391,0.5358045744730835
0.212922667884988,0.28061212321388873,0.5064652089011232
0.5973668145444802,0.21737218587425763,0.18526099958126216
0.21151679376713053,0.2609113744273749,0.5275718318054945
0.3805671465133242,0.2296692966543156,0.3897635568323603
0.14741347386279546,0.23942734766329785,0.6131591784739067
0.2646620264851157,0.37852357629567435,0.3568143972192098
0.5390480612702658,0.2653185850460407,0.19563335368369353
0.32660618750825776,0.3582085757314119,0.3151852367603304
0.30901147720053984,0.38385120907056747,0.3071373137288927
0.2525377547954643,0.3063745279546657,0.4410877172498701
0.38547260889368656,0.305001774658365,0.3095256164479484
0.40145993121177537,0.2894411123375066,0.30909895645071794
0.20337061004945198,0.34847544817306964,0.4481539417774784
0.24301437932894585,0.2773257613509896,0.47965985932006466
0.21906304110767338,0.3870400963854043,0.3938968625069223
0.319349312652425,0.306891263218688,0.3737594241288869
0.33924596101057675,0.3441406211234996,0.3166134178659236
0.1952184108378163,0.2645451660643256,0.5402364230978581
0.23866687833325118,0.3015417872488402,0.45979133441790854
0.15363947455893434,0.25738521896958916,0.5889753064714764
0.38148553171276195,0.2792797571488355,0.33923471113840253
0.3657227040276801,0.3383789876542531,0.2958983083180667
0.14073318479539537,0.22119851780077765,0.6380682974038271
0.23194139283435883,0.27471808235754064,0.49334052480810053
0.2279461991898757,0.3097524135767646,0.46230138723335984
0.33164399362319186,0.2956359703800534,0.37272003599675485
0.37336742076772406,0.33593568192295964,0.2906968973093163
0.31035773596255517,0.3502309287061434,0.3394113353313015
0.2221519373905997,0.29832650132371585,0.47952156128568435
0.22798075982346414,0.3049132639839392,0.4671059761925967
0.2082983718059258,0.2869912260887234,0.5047104021053508
0.27990635084341203,0.30193366284481826,0.4181599863117697
0.27402683189589244,0.3303688149461486,0.39560435315795894
0.41815265491951675,0.28418814841546697,0.2976591966650162
0.19422028803980257,0.30555354266258905,0.5002261692976084
0.1922147273423369,0.2868852110088462,0.5209000616488169
0.3576161542596388,0.35317150771310246,0.2892123380272588
0.2762772176082034,0.3610387333240665,0.36268404906773
0.4827397108385414,0.22071420463838917,0.29654608452306935
0.25970076982627543,0.2690518236823206,0.4712474064914038
0.3699946380436173,0.3230658058803508,0.3069395560760319
0.13181266768860062,0.20425747009323464,0.6639298622181647
0.5639387468716562,0.2611672794352871,0.1748939736930567
0.5865047810462402,0.2316028550823732,0.1818923638713867
0.2277312349681275,0.2951277783196618,0.47714098671221084
0.31936929589988816,0.27542532746297205,0.4052053766371398
0.28006316641646206,0.34171623436028176,0.37822059922325624
0.17396925166924646,0.2854769004630699,0.5405538478676837
0.23310716372792986,0.3027209358360723,0.4641719004359977
0.3669056381278554,0.30317491062303215,0.32991945124911237
0.3020915034032941,0.3309132783077028,0.36699521828900306
0.2567917713547477,0.34302258209348585,0.4001856465517664
0.204248027189192,0.2987015874782093,0.4970503853325987
0.21646787715346996,0.34719798989781964,0.4363341329487104
0.3363940485288566,0.32299326380254667,0.3406126876685967
0.24198374884406473,0.2994660719945193,0.458550179161416
0.2305223970690121,0.4036377452265431,0.36583985770444466
0.5262242304550284,0.28973629401553014,0.18403947552944144
0.27378727881372605,0.3117276308710262,0.4144850903152479
0.22350335054694717,0.3087157215131155,0.4677809279399374
0.15364497091839835,0.2503251136133471,0.5960299154682547
0.23092739766066409,0.29339399975941927,0.47567860257991657
0.2932131618784438,0.26482747653079586,0.4419593615907603
0.22343035415422519,0.27790180785610447,0.4986678379896704
0.3949095079115842,0.241614734504858,0.3634757575835577
0.2686317313344566,0.326713568312206,0.40465470035333745
0.1532946448603306,0.20677949674000473,0.6399258583996648
0.3833423843195885,0.25880213997065665,0.35785547570975496
0.4195030596302659,0.2764174514118827,0.30407948895785153
0.17107912869588116,0.2306259133588609,0.5982949579452579
0.20853131135335923,0.3105975149885863,0.4808711736580544
0.35459556411696963,0.31799643474189576,0.32740800114113466
0.5779473421465721,0.24281420719885927,0.17923845065456864
0.13465487615778593,0.18709928493962696,0.678245838902587
0.28358752046381586,0.3383563121849117,0.37805616735127245
0.37617021853296795,0.30430139823953817,0.31952838322749394
0.39088953851981306,0.3344730160224238,0.27463744545776314
0.1350127145529151,0.175736888363031,0.689250397084054
0.3440441729924241,0.29800434797159814,0.35795147903597774
0.341520908936787,0.31935187211924404,0.33912721894396897
0.20802578784720127,0.2813307876207772,0.5106434245320215
0.22284720250333448,0.3210500571470329,0.4561027403496326
0.367981816710168,0.3482557192820937,0.28376246400773836
0.25486831983104863,0.3301414510855065,0.41499022908344485
0.2506696092568928,0.3368187940453586,0.4125115966977486
0.27988572584476296,0.32259355261984646,0.3975207215353905
0.5779473421465721,0.24281420719885927,0.17923845065456864
0.5449923271650278,0.2711877686221687,0.18381990421280356
0.21593815130811006,0.23363433649659987,0.5504275121952902
0.23005408954806575,0.28705052847080637,0.4828953819811279
0.2805571445270708,0.2930464309168673,0.42639642455606186
0.22795142683532446,0.3136073295402577,0.45844124362441796
0.2666929806549053,0.2553490449426123,0.47795797440248233
0.2930616858550531,0.33569874857834203,0.3712395655666048
0.32674204700242787,0.28603689570308266,0.3872210572944895
0.3153655862939151,0.33118105776952916,0.35345335593655564
0.1440253145257074,0.20298024527829694,0.6529944401959956
0.20442324406277737,0.33883842717439716,0.45673832876282544
0.20610558292477255,0.31732140708647794,0.4765730099887496
0.3767217797883422,0.25787811490909074,0.36540010530256706
0.2353933385575363,0.40324958356995216,0.3613570778725115
0.2731122015147876,0.2726166452726946,0.4542711532125179
0.22003109870271428,0.31847931232950255,0.46148958896778314
0.20310216542566392,0.4078043271059229,0.38909350746841315
0.34337591020537256,0.28505544797820864,0.3715686418164188
0.42352135277729847,0.2808241393171886,0.2956545079055129
0.41966271044640285,0.2796527794293503,0.30068451012424685
0.22389768798185392,0.3459787381169357,0.43012357390121037
0.32343208694974357,0.34545347715434616,0.3311144358959102
0.15637884505993005,0.24414450052403258,0.5994766544160373
0.2451624143213111,0.38872431368163674,0.3661132719970523
0.2566203381313199,0.33482391484013985,0.40855574702854025
0.5379093812246377,0.2825902715791127,0.17950034719624958
0.34517912944278806,0.31211523083482834,0.34270563972238355
0.35269564724721164,0.26429370543436587,0.3830106473184226
0.3020915034032941,0.3309132783077028,0.36699521828900306
0.21849774132183977,0.34962827601324714,0.4318739826649132
0.28867519199748504,0.34781537443712607,0.3635094335653889
0.1440253145257074,0.20298024527829694,0.6529944401959956
0.36056046983774465,0.3540294378378862,0.2854100923243691
0.23627469559021544,0.27949190396707535,0.4842334004427091
0.23206677590451555,0.3271016792348312,0.44083154486065335
0.25618173291459495,0.3148451601491055,0.42897310693629953
0.26678042408625824,0.32202889632940046,0.41119067958434136
0.3105532764262959,0.28041840619738867,0.40902831737631545
0.25045061439341915,0.3260425856938083,0.4235067999127726
0.24963235611575904,0.3700181742491839,0.38034946963505706
0.293645992791778,0.3074508157589802,0.39890319144924175
0.16290914215994165,0.24471212613054838,0.5923787317095099
0.2793088682419497,0.3174265523894095,0.4032645793686408
0.24005163427348078,0.3997447405788482,0.36020362514767096
0.1868568498084383,0.2629393517603373,0.5502037984312244
0.427897944384425,0.2739670419202581,0.2981350136953168
0.3731049338889352,0.3224567668087578,0.3044382993023071
0.33680039835780495,0.2845619306155271,0.378637671026668
0.25688222754166506,0.3429958010557981,0.4001219714025368
0.24784624618502354,0.2949522282718092,0.4572015255431674
0.2049955860306901,0.30583442639565517,0.4891699875736548
0.19490536660122743,0.332358961650095,0.4727356717486775
0.3826524449850831,0.2998655518835269,0.31748200313138997
0.27091966925674976,0.2759413191487707,0.4531390115944795
0.3082429240584509,0.392008754717713,0.2997483212238361
0.24130154792255837,0.33914232812337125,0.41955612395407027
0.23091622988423072,0.3088393135253503,0.46024445659041907
0.34645966576661824,0.29924752391999615,0.3542928103133856
0.26176239026042936,0.3316532510820136,0.4065843586575572
0.2873884508414973,0.31000456888673544,0.4026069802717672
0.48229945097526666,0.19780412883644002,0.3198964201882934
0.28572389391801845,0.34837970012288916,0.36589640595909234
0.3948304668782335,0.29378845730232883,0.31138107581943764
0.21853674057191932,0.46456217350683326,0.31690108592124727
0.2452325363654796,0.32759510455440305,0.4271723590801174
0.2317249463847502,0.4080699432920211,0.36020511032322877
0.19724996543591514,0.25812971344794877,0.544620321116136
0.2833964814545587,0.2703753780140315,0.4462281405314099
0.23140603878158272,0.3150534752986387,0.4535404859197787
0.3248256596857919,0.26864873226942665,0.40652560804478144
0.38646296007614045,0.32645737381250206,0.28707966611135755
0.2434638805712191,0.2735307082653759,0.4830054111634052
0.24016028508981324,0.2923199966788899,0.46751971823129684
0.3058350539064345,0.33791003591090807,0.3562549101826575
0.4318055747835945,0.28794470641352765,0.28024971880287786
0.36694850403802476,0.28871444976483446,0.34433704619714084
0.34929822095536417,0.2938133934540505,0.3568883855905853
0.22834204961691956,0.2963024905329793,0.47535545985010114
0.24095283001280401,0.25934209199236274,0.4997050779948332
0.6116379278648768,0.22343142946002942,0.16493064267509372
0.34058753988082086,0.335658992805117,0.3237534673140621
0.2873528578377708,0.2888385656040177,0.4238085765582114
0.151252437904641,0.21734686150756788,0.6314007005877912
0.33082920184117803,0.2817939978909655,0.38737680026785654
0.1919959153312936,0.270641014068643,0.5373630706000634
0.22611366696032062,0.37420161422888537,0.39968471881079404
0.399298038397303,0.2882781737886558,0.31242378781404123
0.3420942892157105,0.27277784760970075,0.38512786317458886
0.30625743577382414,0.30283441881016543,0.39090814541601043
0.22506100978654187,0.39431839695303394,0.3806205932604242
0.23198714979583834,0.2751681349747682,0.49284471522939327
0.19677978194773935,0.28450478295652476,0.5187154350957358
0.4796520022754092,0.21930246840794096,0.30104552931664996
0.397206073634587,0.26393212458408105,0.33886180178133196
0.2476398930572154,0.264261786356237,0.4880983205865475
0.5784575801106626,0.2537038681136813,0.16783855177565618
0.14939642471763745,0.20988206928469652,0.6407215059976661
0.16925398540237352,0.2835908702142126,0.5471551443834138
0.17056784334765113,0.2456964872282084,0.5837356694241405
0.3361925708665641,0.21663980719254478,0.4471676219408911
0.1982456206224452,0.2895468862549538,0.5122074931226009
0.27501324860754833,0.3117406207284926,0.4132461306639591
0.2286107915718865,0.28828693285096124,0.4831022755771524
0.3335419838074665,0.349907208246414,0.3165508079461195
0.2260033688673841,0.26129425281625573,0.5127023783163601
0.2571775638432595,0.27785675645186847,0.4649656797048721
0.3616809318528145,0.2997731905056901,0.3385458776414953
0.20661583364945924,0.2794239878481868,0.513960178502354
0.22656302169693704,0.335882870262564,0.437554108040499
0.41966271044640285,0.2796527794293503,0.30068451012424685
0.40424295201176863,0.3259597186029222,0.26979732938530915
0.31719116077534254,0.3555804282307323,0.327228410993925
0.29898131391510463,0.3154430604162126,0.38557562566868264
0.2575115401128694,0.2574540144084648,0.48503444547866587
0.31025815790028377,0.31140935137384046,0.3783324907258757
0.24359951686734355,0.26420269211814823,0.4921977910145083
0.41317359669893916,0.27773638401854844,0.30909001928251234
0.5539121817742436,0.2712962976235585,0.1747915206021979
0.4408733672057488,0.2731630935330674,0.2859635392611838
0.6116379278648768,0.22343142946002942,0.16493064267509372
0.2593448555028486,0.3926935972204419,0.3479615472767094
0.3061014858689101,0.3060973256813327,0.38780118844975725
0.16439210919900557,0.2510023838025375,0.584605506998457
0.29349427802831013,0.31400450862496776,0.392501213346722
0.2103077996483139,0.27725588724084466,0.5124363131108415
0.3319325127778823,0.3380266370357301,0.3300408501863876
0.3025670750886202,0.27593364333434117,0.42149928157703875
0.27407777572656283,0.30022676714352287,0.42569545712991436
0.29755497557847527,0.2824733692044614,0.41997165521706337
0.22931529963126968,0.2754475458719942,0.49523715449673616
0.22146891015445835,0.28125457512457275,0.49727651472096895
0.23288292542635194,0.4014970055403901,0.36562006903325783
0.2135428758693541,0.3299779260477597,0.4564791980828862
0.30258512993256537,0.33145400047704743,0.3659608695903872
0.25067406746967513,0.33668177196752247,0.4126441605628024
0.3666244557138503,0.2946430265303328,0.3387325177558169
0.2200055347293284,0.3661757421191099,0.4138187231515616
0.2511644513831579,0.28120435839687286,0.46763119021996913
0.22001523862544423,0.24530056011284038,0.5346842012617156
0.22428352060875714,0.24905921557950453,0.5266572638117384
0.2258166434505669,0.27486110136329006,0.49932225518614304
0.33242608242797683,0.3198728338442988,0.34770108372772435
0.24703338122322885,0.2876640595600793,0.46530255921669184
0.21683623471061822,0.23240293312418148,0.5507608321652003
0.31808145376457847,0.308745916440235,0.37317262979518656
0.15783754593815622,0.23709388520279062,0.6050685688590531
0.27119501066657975,0.3511926557428983,0.37761233359052193
0.33253757157450614,0.3655096580332306,0.30195277039226315
0.2761427133873101,0.23853294360106447,0.48532434301162547
0.43768783487670443,0.2990492587073076,0.2632629064159879
0.2285487974273136,0.293849355729556,0.47760184684313045
0.3913570189651624,0.28085270336424156,0.327790277670596
0.26484912797249904,0.3644956845156298,0.37065518751187115
0.20507657747490785,0.2932624594253969,0.5016609630996952
0.13260739910660507,0.2308796692685492,0.6365129316248458
0.21437908202392852,0.3701035864598675,0.4155173315162039
0.1676167485116822,0.26580675117872826,0.5665765003095895
0.34138125405427777,0.30052477368976754,0.35809397225595474
0.3815386599399557,0.25584289516693953,0.3626184448931048
0.3034830036330605,0.31856789987734657,0.37794909648959285
0.29313413661597115,0.3584230890104213,0.3484427743736075
0.21835789124198363,0.2614106722303248,0.5202314365276917
0.1788892916237053,0.2890185934659036,0.5320921149103912
0.23797305475262448,0.25776046747424325,0.5042664777731323
0.2897508303292665,0.29722756200023187,0.4130216076705015
0.2011093487230112,0.28801056908361783,0.510880082193371
0.33861028546020877,0.3400287925421336,0.3213609219976577
0.1440253145257074,0.20298024527829694,0.6529944401959956
0.3122928834331566,0.24915414496376564,0.43855297160307777
0.373635859873431,0.2965497195482159,0.3298144205783532
0.32948625504372353,0.26167644864686423,0.4088372963094122
0.4447627107726068,0.26442837586561363,0.29080891336177955
0.35169448094415356,0.3092396441725941,0.3390658748832523
0.2811615899475186,0.3279121257577647,0.3909262842947167
0.22611366696032062,0.37420161422888537,0.39968471881079404
0.3656779797494286,0.28028994259242473,0.3540320776581466
0.2226981853530379,0.26371149288957413,0.5135903217573881
0.22167881836269715,0.32612721190586264,0.45219396973144027
0.21993159099142884,0.26415584285720567,0.5159125661513655
0.29567638124022566,0.32527424247816644,0.3790493762816079
0.6115479987360419,0.21101231687167799,0.17743968439228017
0.41026683533283026,0.2921083058044633,0.2976248588627065
0.34364570703185005,0.3148019201425509,0.34155237282559914
0.21473884110152405,0.3101382705166445,0.4751228883818315
0.43724467865128863,0.28368889427467003,0.27906642707404133
0.31473466331266464,0.364147026390785,0.3211183102965503
0.4053229074762884,0.29729091578441896,0.2973861767392927
0.2579860808669794,0.31134613751486956,0.43066778161815106
0.15783754593815622,0.23709388520279062,0.6050685688590531
0.25533765248172047,0.2527136902331127,0.49194865728516673
0.2336746077802902,0.24011471995168063,0.5262106722680292
0.22254380236900864,0.25298255802181596,0.5244736396091755
0.18528404932703474,0.2578181034574518,0.5568978472155135
0.3524202202609434,0.3385465169562336,0.309033262782823
0.25752203751826896,0.32682065718613323,0.4156573052955979
0.1532946448603306,0.20677949674000473,0.6399258583996648
0.3581396013817902,0.26082634036786634,0.3810340582503435
0.6213991652870635,0.21103803486118533,0.16756279985175115
0.23132827151322224,0.2469138756907117,0.5217578527960661
0.210058944612114,0.2781111028469453,0.5118299525409407
0.22996963198611653,0.2723220886339272,0.4977082793799563
0.2729129693590039,0.3080999447800097,0.4189870858609865
0.3296645519534833,0.28749400075999515,0.3828414472865215
0.19324673459716682,0.295613383417933,0.5111398819849001
0.217064774639332,0.24466292152579136,0.5382723038348766
0.25155868929368813,0.36506860919881273,0.3833727015074992
0.2758333060252637,0.32302391042534995,0.4011427835493864
0.3471135656482071,0.3468273596500339,0.3060590747017589
0.34364570703185005,0.3148019201425509,0.34155237282559914
0.25871308918661223,0.3260139016006045,0.4152730092127834
0.21646982231879813,0.24279743053500946,0.5407327471461925
0.3814057552128002,0.2554587202599943,0.36313552452720543
0.26092391728638803,0.32115632864094934,0.4179197540726626
0.3888059075120782,0.3323354328947589,0.27885865959316286
0.2503816429112357,0.3066912568367363,0.442927100252028
0.3296803640596359,0.3391661719957364,0.33115346394462775
0.3441275614297505,0.3523437635355127,0.30352867503473685
0.34313921997272784,0.3168824815867232,0.339978298440549
0.24811914096243595,0.35156557947079914,0.4003152795667648
0.2498281881213392,0.29319445683191,0.45697735504675097
0.2669480140565511,0.3144858756201988,0.4185661103232502
0.2781307112240885,0.33588045800525534,0.3859888307706562
0.1440253145257074,0.20298024527829694,0.6529944401959956
0.1859907213881662,0.32195715400197783,0.4920521246098559
0.31335985162844443,0.3675461029853546,0.31909404538620095
0.49823763114995245,0.2612913156430856,0.24047105320696197
0.26488874567225096,0.30043816596750245,0.4346730883602465
0.19467357064597282,0.2492998808915542,0.556026548462473
0.34438662835942097,0.326817802351423,0.32879556928915604
0.6118875059339359,0.2231145516545541,0.16499794241151
0.45325073313390335,0.21414719341216992,0.33260207345392667
0.3459640050465402,0.25370978753495943,0.40032620741850033
0.20705954900343093,0.3733805214625776,0.41955992953399146
0.20374172572744784,0.3367552857110746,0.45950298856147764
0.342722899978639,0.29172945552914487,0.3655476444922161
0.2495812990248296,0.3059104870246586,0.4445082139505119
0.22380870813883924,0.3253257526247637,0.45086553923639716
0.3472285948346598,0.3339759942508539,0.3187954109144864
0.27272584058565646,0.3760074199177915,0.35126673949655207
0.2511363436935833,0.29577936021230644,0.4530842960941102
0.26499721826038586,0.30702673835095134,0.42797604338866263
0.6213991652870635,0.21103803486118533,0.16756279985175115
0.23510207869063518,0.3700949231352647,0.39480299817410014
0.3984743961894214,0.3149178079848032,0.28660779582577545
0.2033585119371901,0.2564230201637587,0.5402184678990513
0.36628109753119537,0.31720487400240405,0.31651402846640064
0.24703338122322885,0.2876640595600793,0.46530255921669184
0.4335053704457458,0.25065115884197664,0.3158434707122776
0.2676458192610118,0.25507147417663145,0.47728270656235683
0.207314367092444,0.2598659995793063,0.5328196333282498
0.3240207671542477,0.34792698186306925,0.3280522509826831
0.2813682753401641,0.35304412960642517,0.3655875950534108
0.3396723734171537,0.31940391214012787,0.3409237144427184
0.4764201866835953,0.2315270685476504,0.2920527447687543
0.24066502357265934,0.2336799822069557,0.525654994220385
0.15912084854500988,0.23163058616592955,0.6092485652890606
0.21123302479794165,0.26875121759984344,0.520015757602215
0.46569622070645783,0.2541088356108664,0.2801949436826756
0.21613463587847542,0.23483073567396762,0.5490346284475569
0.2500111062975364,0.3598967364704026,0.390092157232061
0.21949408579765753,0.2474011012524591,0.5331048129498834
0.2528542814661122,0.28742034153783297,0.4597253769960547
0.2758982287839533,0.3058839393845804,0.4182178318314663
0.26814593509758416,0.27680525887162627,0.45504880603078973
0.1440253145257074,0.20298024527829694,0.6529944401959956
0.2526194554178534,0.42597991050799033,0.3214006340741562
0.23264002103834008,0.39363265117323304,0.373727327788427
0.3448450874583696,0.2748302741794719,0.3803246383621584
0.32629148166131755,0.2648729457734266,0.4088355725652559
0.3891968854196294,0.3262264420324472,0.2845766725479235
0.20467674011815531,0.3266942569373665,0.46862900294447823
0.36520279116799315,0.3205932340242879,0.314203974807719
0.15783754593815622,0.23709388520279062,0.6050685688590531
0.22380870813883924,0.3253257526247637,0.45086553923639716
0.4123941240553603,0.29392110014173883,0.29368477580290087
0.3153454615251878,0.29816570571493045,0.38648883275988183
0.3402415398800085,0.29825584667252975,0.36150261344746176
0.20115260544648647,0.2870854169259447,0.5117619776275688
0.3194415839350376,0.27831126678799195,0.4022471492769705
0.2873499681569756,0.27759925213882636,0.4350507797041979
0.30600675126601673,0.25251980158092474,0.4414734471530587
0.2752009407138433,0.39899610530217233,0.3258029539839843
0.2547597453844219,0.3113031546913417,0.4339370999242365
0.31404280260243,0.32119904585609643,0.36475815154147356
0.253557812725521,0.2436632443108783,0.5027789429636007
0.31733725262761203,0.2980529532740707,0.3846097940983172
0.23817795560755242,0.27735214272874276,0.48446990166370485
0.1967505100770202,0.2828760536690919,0.5203734362538879
0.2914142665567854,0.322133835780546,0.38645189766266874
0.22600869624668113,0.2927162880527647,0.48127501570055425
0.25760234785430786,0.2984003591709064,0.44399729297478574
0.27666912422632667,0.3985302825739521,0.32480059319972115
0.2002262948607968,0.30940042953629054,0.4903732756029127
0.4503311662914712,0.2505245903563667,0.29914424335216205
0.24742688553184497,0.3091501663152459,0.4434229481529091
0.26530910729443813,0.29353186618886234,0.44115902651669964
0.2719655876432255,0.3019708787767662,0.42606353358000837
0.5437417924920392,0.27106087952519553,0.18519732798276514
0.25844730021650414,0.3730067972405588,0.368545902542937
0.4340014162315848,0.25906176518790414,0.3069368185805112
0.36470706314047724,0.2757686717789482,0.3595242650805745
0.18948670403340342,0.2883194546632784,0.5221938413033181
0.24310424228161515,0.2750750561094746,0.4818207016089102
0.24591416744628194,0.25285776199439225,0.5012280705593258
0.3102800911160529,0.31791198715846614,0.371807921725481
0.4348168294107109,0.22754368124936797,0.3376394893399211
0.4683398711098338,0.22589967945190137,0.3057604494382648
0.2235183860499131,0.3576620403447772,0.41881957360530964
0.2332976828328739,0.40405246485714064,0.36264985230998553
0.2675695303089854,0.3407944976215638,0.39163597206945094
0.2342842195440772,0.25782823004961136,0.5078875504063115
0.3053149502751072,0.3071053864448029,0.3875796632800899
0.2858545423596181,0.32198740885972316,0.3921580487806588
0.2563376283827193,0.2535983324538065,0.49006403916347435
0.29291538852311244,0.34169615361290095,0.3653884578639866
0.5936062274406493,0.2336239253981558,0.17276984716119484
0.22503829349268772,0.3498625928928439,0.42509911361446856
0.2651526153650112,0.23623548174599043,0.49861190288899837
0.18763101787825306,0.27849221367375687,0.53387676844799
0.2051425356960692,0.3990122149433359,0.39584524936059484
0.1440253145257074,0.20298024527829694,0.6529944401959956
0.23868469294760686,0.2891891117740683,0.4721261952783248
0.31404101102725196,0.30106889667959724,0.38489009229315085
0.2982554515673793,0.2395521497325779,0.46219239870004286
0.23477075762899022,0.22705655364559563,0.5381726887254142
0.24410860796639508,0.32040352410407796,0.43548786792952704
0.603275430517545,0.22114048847306017,0.1755840810093949
0.5936062274406493,0.2336239253981558,0.17276984716119484
0.3875147306330159,0.2597427097566092,0.352742559610375
0.4351854656834976,0.27459888183986797,0.29021565247663444
0.1766692895785416,0.27390212540627773,0.5494285850151805
0.16180384025665673,0.2345037443146263,0.6036924154287169
0.30278106906110014,0.26659771793922565,0.43062121299967426
0.15783754593815622,0.23709388520279062,0.6050685688590531
0.2744940234585849,0.27262879506913607,0.45287718147227907
0.6086300366477502,0.21422741742123075,0.17714254593101914
0.14741394703817817,0.20775597141230615,0.6448300815495156
0.587871861619543,0.22802320003183565,0.18410493834862135
0.31452764026248053,0.2632310041827712,0.4222413555547483
0.46484711458208966,0.23380621091138962,0.3013466745065207
0.2695568495327276,0.2770231259904673,0.453420024476805
0.19853737658754878,0.26639087976497916,0.535071743647472
0.27590408852101245,0.2888701706039105,0.43522574087507715
0.25752060621535394,0.2553462395274101,0.48713315425723597
0.28778467762373194,0.29287412239360594,0.4193411999826621
0.2695405485929201,0.3078022754953461,0.42265717591173374
0.603275430517545,0.22114048847306017,0.1755840810093949
0.2661769819603152,0.42907125624248643,0.3047517617971984
0.2380554046448963,0.2897579633916731,0.47218663196343064
0.4012034722654114,0.2972617169897186,0.3015348107448701
0.32122449790553637,0.24462099196785453,0.43415451012660905
0.2382634013302885,0.3556008007903706,0.4061357978793409
0.24893832997193624,0.25916997012787757,0.4918916999001863
0.33172862775294903,0.2683263038207717,0.3999450684262793
0.2858545423596181,0.32198740885972316,0.3921580487806588
0.1704234785189766,0.275979955010405,0.5535965664706183
0.27116738867316514,0.30007065122552457,0.42876196010131024
0.2642303232833223,0.27097137103329993,0.4647983056833776
0.1663786956548378,0.2499238766879611,0.5836974276572011
0.23358207679127826,0.23740902551911075,0.529008897689611
0.1626220391271457,0.23568956721239756,0.6016883936604568
0.2306792182844465,0.22785584413224153,0.5414649375833119
0.3743351310553329,0.2995212584987462,0.32614361044592094
0.2452223875239448,0.3113351905278193,0.44344242194823585
0.27515997393668595,0.27329022031305505,0.45154980575025905
0.2803474507536347,0.33104471572363947,0.3886078335227258
0.41489791255825814,0.2615405147158798,0.323561572725862
0.261288170859846,0.38678347064307805,0.3519283584970759
0.232241774087816,0.2617695618419422,0.5059886640702418
0.2303409157856004,0.2958088762185491,0.4738502079958506
0.3004142622878985,0.2941162577275838,0.4054694799845176
0.2654848727855922,0.2881569499340198,0.4463581772803879
0.2090545600272753,0.31348592262062785,0.4774595173520968
0.2784084262682158,0.2931628871442786,0.42842868658750555
0.2516002675032039,0.3404772193605335,0.40792251313626254
0.3232921822166238,0.2926733012112121,0.38403451657216414
0.3732276361984857,0.27997359670996774,0.34679876709154656
0.2031939972373922,0.27895114350924727,0.5178548592533606
0.36540951020304563,0.29366661806441113,0.34092387173254324
0.39242135064421846,0.33203497596022985,0.27554367339555164
0.24138613320374683,0.3299806379414423,0.42863322885481087
0.3130488243029042,0.3024618664834909,0.38448930921360497
0.3070797750254083,0.2987309248131877,0.39418930016140397
0.40665854835758597,0.28956783374363043,0.30377361789878365
0.2826045070715201,0.34128317168489153,0.3761123212435885
0.2131870728948536,0.348956020375302,0.43785690672984445
0.14741394703817817,0.20775597141230615,0.6448300815495156
0.5157948521650102,0.27096462234896196,0.2132405254860278
0.16828650145721114,0.25563835446925554,0.5760751440735334
0.30797828825319645,0.24183454870473314,0.45018716304207024
0.5629851397192484,0.26070374351176945,0.17631111676898223
0.3614348812079447,0.3172673423765518,0.3212977764155035
0.3137457391897041,0.36300284425681884,0.323251416553477
0.2688542359404415,0.26930752275277825,0.46183824130678025
0.3601756910222783,0.3435752623401467,0.29624904663757506
0.31643678115359086,0.30351475691118857,0.38004846193522046
0.33874012682181676,0.2701033183141742,0.3911565548640091
0.27661093130683506,0.3106355326904364,0.41275353600272846
0.2066927447006658,0.31484841501746885,0.4784588402818654
0.38691297523644674,0.33436881607575447,0.2787182086877989
0.2016558223254319,0.30164438372057956,0.4966997939539884
0.31554923118546724,0.3010912811631629,0.3833594876513699
0.3494941654461994,0.29768150986110997,0.35282432469269065
0.16236192574645436,0.26451675298846977,0.5731213212650759
0.2883011000695973,0.31507560100451093,0.3966232989258918
0.2298510461760004,0.24533712317837936,0.5248118306456202
0.2517514299851855,0.29174353119443097,0.45650503882038346
0.23701273814659235,0.31097711185910537,0.45201014999430217
0.1335601597973758,0.22535367582828564,0.6410861643743385
0.14741394703817817,0.20775597141230615,0.6448300815495156
0.42204163134633127,0.3195888360485198,0.25836953260514894
0.31033879392058816,0.2964394696295572,0.39322173644985453
0.33637636640883717,0.32313426042860394,0.340489373162559
0.16832319761709086,0.23970443784082088,0.5919723645420882
0.16370345818572501,0.23083272994217263,0.6054638118721024
0.6072945275584786,0.21595162812879676,0.1767538443127247
0.3643856443225833,0.28197798495746784,0.3536363707199488
0.2158299118473371,0.27054012979386044,0.5136299583588024
0.36540951020304563,0.29366661806441113,0.34092387173254324
0.24138613320374683,0.3299806379414423,0.42863322885481087
0.24205485416851982,0.2798522100687091,0.47809293576277107
0.3925311501450102,0.31022080854263423,0.29724804131235555
0.22483117008882006,0.27140122073822764,0.5037676091729524
0.3341516309667045,0.25654803562338824,0.4093003334099073
0.22750076082135087,0.2921039281336823,0.4803953110449669
0.33620250062191875,0.3196500676986239,0.3441474316794574
0.31280603961631076,0.3174867664828504,0.3697071939008387
0.3342899279192784,0.3515492109778016,0.3141608611029201
0.34228865097032796,0.3111658223971479,0.3465455266325242
0.333327461902482,0.23491505142108407,0.4317574866764338
0.6177684252234034,0.2024292892328003,0.17980228554379646
0.34041404764087035,0.29469772759674323,0.3648882247623864
0.3617046546508776,0.3402220062633436,0.2980733390857787
0.28027415588239335,0.3516712937698791,0.3680545503477275
0.15469075424817388,0.22228765635682643,0.6230215893949997
0.4155631795610074,0.29761600713615893,0.28682081330283377
0.19241078058713024,0.2416873789159142,0.5659018404969556
0.35197798560782817,0.2787043791018158,0.369317635290356
0.5977937613013246,0.22821760448362752,0.17398863421504787
0.14741394703817817,0.20775597141230615,0.6448300815495156
0.14741394703817817,0.20775597141230615,0.6448300815495156
0.25819294217731537,0.2642083530230257,0.4775987047996589
0.33496521583923755,0.3148794850100117,0.3501552991507509
0.24823213485341464,0.2912223900958194,0.46054547505076593
0.1722891058727994,0.3807499128659133,0.44696098126128725
0.19222185152230437,0.3088838007961465,0.4988943476815493
0.23509705034675954,0.3304220867042505,0.4344808629489899
0.2329023358873675,0.2825032029877851,0.48459446112484744
0.21263253689341854,0.24179125443347746,0.5455762086731041
0.36655386759476816,0.3480541402827624,0.28539199212246946
0.4389598641414031,0.27369552741902475,0.2873446084395722
0.20463821573555502,0.2918478129909604,0.5035139712734845
0.3939589343235772,0.29776187583219743,0.3082791898442254
0.245351128602219,0.25755618957231297,0.4970926818254681
0.306057769528964,0.27274718041269236,0.4211950500583436
0.2336746077802902,0.24011471995168063,0.5262106722680292
0.1376663319730428,0.24979331609693084,0.6125403519300263
0.20335734746603004,0.2996819456199346,0.4969607069140352
0.18807603516147067,0.2430906240497326,0.5688333407887968
0.2354270939881673,0.33824150643296297,0.4263313995788697
0.35394302025923324,0.3131743563352422,0.33288262340552455
0.29736479465866755,0.23883679389906387,0.4637984114422686
0.3695851129921831,0.31941475379037615,0.3110001332174407
0.21345184189171476,0.25276229258922234,0.533785865519063
0.2976297390855399,0.3392697652852029,0.3631004956292572
0.3138940045061645,0.3276341068647832,0.35847188862905227
0.4129781740508142,0.29594537797969217,0.29107644796949367
0.41688955743304174,0.28749787133691085,0.2956125712300474
0.3249522521655738,0.30238992702491146,0.3726578208095147
0.3087825051227256,0.29760708387566653,0.3936104110016079
0.349009051024046,0.2993073512325597,0.35168359774339425
0.5805039909031597,0.2505395845370419,0.1689564245597983
0.37952496232727817,0.317410140792239,0.30306489688048277
0.38603251730049043,0.3042709096967377,0.3096965730027719
0.28307887308565344,0.31648401687461625,0.40043711003973026
0.3942666881740351,0.3268407251333886,0.2788925866925764
0.15225175406778124,0.22870325109472944,0.6190449948374893
0.21151095145321933,0.3514517668065321,0.4370372817402486
0.20063229150802545,0.27433158426684956,0.525036124225125
0.25332853539797606,0.2583156396867522,0.4883558249152717
0.27960005448578784,0.37128951578855196,0.34911042972566025
0.2587887905793255,0.3019236340327708,0.43928757538790364
0.23104250745059704,0.2848682743803924,0.4840892181690104
0.19618241678804216,0.2706972787388173,0.5331203044731405
0.2601244553405754,0.3296656805312028,0.4102098641282217
0.2286609236878917,0.25423000048072825,0.5171090758313801
0.23595613715713343,0.29288465783153855,0.4711592050113279
0.19631050216410692,0.3269727575370194,0.47671674029887373
0.2033324009445442,0.2734528368129432,0.5232147622425126
0.22161142038876375,0.31973555899558737,0.458653020615649
0.19192905711078856,0.29574556906383426,0.5123253738253771
0.2669412764501063,0.3362372511692859,0.3968214723806079
0.3262703090730634,0.2957630868600467,0.37796660406689
0.29797211608150265,0.24400008870047432,0.4580277952180231
0.3515272685026126,0.3541806544764352,0.29429207702095217
0.3929077834972767,0.25216287172982177,0.3549293447729015
0.2473379790296725,0.3142436960492715,0.43841832492105615
0.32231581453236396,0.32495122486752614,0.3527329606001099
0.30341270876025545,0.29685593842371377,0.39973135281603084
0.38082626708960304,0.3282644535477301,0.2909092793626668
0.3409241839909462,0.32713209151710976,0.3319437244919441
0.33777088892085366,0.3430769815053637,0.31915212957378264
0.13853998805295806,0.19524957017762593,0.666210441769416
0.21392823619365708,0.28218394810438396,0.503887815701959
0.3070363174449155,0.3149846895147941,0.3779789930402905
0.24082463036422785,0.3665543730688737,0.39262099656689836
0.26137653367344055,0.28631524852032353,0.45230821780623576
0.1295965923035395,0.16868708957740625,0.7017163181190542
0.25268244514865906,0.312774132879673,0.434543421971668
0.2927677575189973,0.31488193708048434,0.3923503054005183
0.22112075571019338,0.32583347196169443,0.4530457723281121
0.23689054986731625,0.2890176668163363,0.4740917833163474
0.28335997725788764,0.3623114445111387,0.3543285782309737
0.25586215197682144,0.2821514817551626,0.46198636626801587
0.2731771695209503,0.3074665329608165,0.41935629751823317
0.19384954021475254,0.30869609566630646,0.49745436411894095
0.34314629781005296,0.2883750183737751,0.368478683816172
0.24115560829880178,0.3730017235828483,0.38584266811834994
0.261288170859846,0.38678347064307805,0.3519283584970759
0.26039843733090723,0.33182279312188173,0.407778769547211
0.23085142943990572,0.3082333549408713,0.460915215619223
0.26389837645865133,0.3053679564037336,0.430733667137615
0.3657687764300403,0.3464167844349985,0.2878144391349612
0.2604186492810326,0.2960187847529366,0.4435625659660308
0.27941239957988917,0.3156216521921369,0.404965948227974
0.22993481786489597,0.31960606087021814,0.4504591212648859
0.22811873759162798,0.2885633692629143,0.4833178931454578
0.23737704856475464,0.25161108009588395,0.5110118713393613
0.5805039909031597,0.2505395845370419,0.1689564245597983
0.2610927268428838,0.2756857302700841,0.463221542887032
0.24162889070456675,0.3339301236579517,0.4244409856374815
0.4991926156256359,0.25774786754278767,0.24305951683157656
0.33105187548833326,0.3288593359061266,0.34008878860554015
0.49614947629905803,0.3348630400103646,0.1689874836905774
0.29307466813758454,0.34502067639340284,0.3619046554690127
0.26112901375928466,0.3054709694529425,0.43340001678777296
0.32231581453236396,0.32495122486752614,0.3527329606001099
0.30919235222035574,0.267573587770546,0.42323406000909825
0.21126975932852474,0.24665067003872992,0.5420795706327453
0.2306604540616396,0.26776892623766163,0.5015706197006988
0.2347882864273216,0.2703014409644588,0.49491027260821957
0.32695259382180786,0.3445654950491372,0.3284819111290549
0.2252508815146737,0.3017321393798796,0.4730169791054466
0.3077845908409586,0.2868545747423254,0.4053608344167161
0.31983701232584233,0.3716483694838508,0.3085146181903068
0.15700221664960584,0.24128157631366562,0.6017162070367286
0.15225175406778124,0.22870325109472944,0.6190449948374893
0.13853998805295806,0.19524957017762593,0.666210441769416
0.5255702041158682,0.2954216732538664,0.17900812263026536
0.1953718007579219,0.28248652097998195,0.5221416782620961
0.18894608755390246,0.3456593585914429,0.46539455385465456
0.23043118426947387,0.2861616286921519,0.48340718703837426
0.3188349369392346,0.3826383359185797,0.2985267271421857
0.23249735692379575,0.2651334439942739,0.5023691990819302
0.34920978666677754,0.24333486873282212,0.40745534460040034
0.19941029263646615,0.3111951012150568,0.48939460614847724
0.5523066340374297,0.27472645693435405,0.17296690902821618
0.1456753315561693,0.2093326663122582,0.6449920021315725
0.20555065298249942,0.3127620614644693,0.48168728555303125
0.3234031379430159,0.27658536148374324,0.40001150057324075
0.3262703090730634,0.2957630868600467,0.37796660406689
0.22102420951247043,0.25542167726661574,0.5235541132209138
0.18019385296220194,0.26824321333235923,0.551562933705439
0.21600957900221587,0.33378960827149834,0.45020081272628576
0.3680769763256404,0.32319021480940296,0.3087328088649567
0.4053601721927831,0.27752616967500765,0.3171136581322094
0.35971605103748905,0.31298801173507185,0.32729593722743916
0.2879214786385945,0.2567355466464528,0.45534297471495266
0.26872147764130694,0.34467687871620173,0.3866016436424912
0.27004554935027314,0.3108037607081972,0.4191506899415296
0.26504064453584125,0.37309367276068106,0.3618656827034776
0.14658461634605294,0.22028004056923442,0.6331353430847126
0.38580830655863263,0.2898767029189097,0.32431499052245766
0.24682826215642245,0.3869746751308651,0.3661970627127123
0.4106515303453631,0.3249404013002925,0.2644080683543444
0.3561535243640902,0.33040342136796313,0.31344305426794655
0.22463211402401678,0.25883169356815594,0.5165361924078272
0.2139278656766146,0.2630626337293301,0.5230095005940554
0.25737078113962386,0.276042601130441,0.4665866177299351
0.1882551181572143,0.2826017209531007,0.5291431608896849
0.31304199998429627,0.32840858840710546,0.3585494116085982
0.18470058767602773,0.31835478375614623,0.4969446285678262
0.36031853686845583,0.3076387292620199,0.33204273386952415
0.23422176583008245,0.3591397147932953,0.40663851937662226
0.33676727660681255,0.3433993195939998,0.31983340379918773
0.28994780295682415,0.33464943452866625,0.3754027625145096
0.25789054875944056,0.32570136855574816,0.4164080826848113
0.26609352250144513,0.32388978469990093,0.410016692798654
0.2289011869470392,0.2762243888764272,0.4948744241765336
0.31350085316802623,0.35199031096630173,0.334508835865672
0.5147672125584568,0.32402216975543924,0.16121061768610398
0.21350095795600385,0.2881179655997074,0.4983810764442888
0.22637535166128284,0.1995244107134219,0.5741002376252953
0.14495529455980133,0.20429090081163792,0.6507538046285607
0.26395269437389857,0.2939422823171855,0.4421050233089158
0.2364950306806665,0.2949408415196205,0.46856412779971296
0.380026959779663,0.2931840849523516,0.32678895526798546
0.365683390487688,0.3284947787767947,0.3058218307355174
0.19758102939684466,0.30212103201308016,0.5002979385900751
0.35027107578611316,0.30490421002474616,0.34482471418914074
0.3423700085274431,0.27451008797328597,0.3831199034992709
0.22985050597240475,0.27875435685864375,0.4913951371689516
0.1979258560140427,0.2974531718387545,0.5046209721472028
0.28713690612116705,0.32873743202748296,0.38412566185134994
0.3515272685026126,0.3541806544764352,0.29429207702095217
0.32482125420953745,0.29444952283798304,0.3807292229524795
0.3494941654461994,0.29768150986110997,0.35282432469269065
0.22159683145378986,0.273932946052941,0.5044702224932691
0.1567893715974502,0.2785094373637364,0.5647011910388133
0.1591462069286444,0.23166750010473264,0.609186292966623
0.24454346676882593,0.3275752925065627,0.4278812407246113
0.18509801650088875,0.24206022516374728,0.572841758335364
0.25432807676539476,0.3038582250137701,0.4418136982208351
0.24733915198157633,0.3333050083271555,0.4193558396912682
0.3229979435389554,0.28846916496795916,0.3885328914930854
0.23679535568842364,0.26327403222018014,0.4999306120913961
0.2301605715034226,0.2735634207632903,0.49627600773328717
0.3542398805650094,0.3082232098777172,0.33753690955727356
0.4991926156256359,0.25774786754278767,0.24305951683157656
0.33105187548833326,0.3288593359061266,0.34008878860554015
0.3425658230539445,0.21021514585639225,0.4472190310896633
0.1723036927383617,0.2680854866058999,0.5596108206557383
0.3488746593967652,0.31580478437233145,0.3353205562309034
0.2553744707958561,0.25238785111681067,0.4922376780873331
0.2713167199766446,0.334409802992657,0.3942734770306985
0.5805039909031597,0.2505395845370419,0.1689564245597983
0.3898994860950356,0.1976730238084262,0.4124274900965383
0.205190980161614,0.28747286488693685,0.5073361549514491
0.2235226262097396,0.2804569449251211,0.4960204288651393
0.3498492164010933,0.24831417247416798,0.4018366111247387
0.3515272685026126,0.3541806544764352,0.29429207702095217
0.24995811973843252,0.36383332556326176,0.3862085546983057
0.25564948537730453,0.3193888387726023,0.42496167585009315
0.32894507908086823,0.2775886187277396,0.3934663021913922
0.349009051024046,0.2993073512325597,0.35168359774339425
0.21472906977645656,0.330679424596767,0.45459150562677647
0.3505884846852222,0.3207221050432257,0.32868941027155224
0.23436505440375208,0.2876046275282955,0.4780303180679524
0.17565761970857952,0.29031219337076114,0.5340301869206593
0.21435703629350386,0.30809743988183064,0.47754552382466553
0.5977519931750777,0.2282715292761194,0.17397647754880297
0.22644574724671407,0.26369028497567976,0.5098639677776062
0.26492450039928794,0.33083719284089763,0.4042383067598144
0.24138613320374683,0.3299806379414423,0.42863322885481087
0.4937842047856786,0.3380339181007629,0.1681818771135585
0.14495529455980133,0.20429090081163792,0.6507538046285607
0.2772213898449187,0.2611899519123909,0.4615886582426905
0.22637535166128284,0.1995244107134219,0.5741002376252953
0.22267393573667066,0.26657769452713664,0.5107483697361926
0.14495529455980133,0.20429090081163792,0.6507538046285607
0.4111815893545551,0.3417197985641646,0.2470986120812802
0.17572371308182302,0.2583819688564955,0.5658943180616816
0.2339973421155915,0.2548117318936338,0.5111909259907746
0.25721117759234496,0.3150825925918278,0.4277062298158274
0.26797807197982665,0.28545576174420123,0.446566166275972
0.28579346339961936,0.25576685090048185,0.4584396856998988
0.2592591132821142,0.3186617542161269,0.42207913250175894
0.2381841336272907,0.26675478040330014,0.49506108596940906
0.266698939701171,0.33420336998464173,0.39909769031418724
0.23404575357065263,0.27104152195799636,0.494912724471351
0.4087968413779738,0.28795151010012293,0.3032516485219032
0.24177293273672587,0.2265275621336512,0.5316995051296229
0.23544303722014423,0.27022862976817186,0.494328333011684
0.19035072739182626,0.2634350435037269,0.5462142291044467
0.37352030816243614,0.3379868414205526,0.2884928504170113
0.4203167517761868,0.28986419678340636,0.2898190514404069
0.24456989724479,0.3131025094941865,0.4423275932610235
0.3824021586997944,0.30288987567441095,0.3147079656257948
0.26161686319432087,0.2863239693667504,0.45205916743892877
0.19403603079273815,0.3259465369393682,0.4800174322678936
0.24311751871471116,0.27465390347317387,0.4822285778121149
0.2382787890035847,0.2755387856975673,0.486182425298848
0.259978306031843,0.3119646053439002,0.4280570886242569
0.22944077778537514,0.2794194538487502,0.4911397683658746
0.2552454764415042,0.28125843958127245,0.46349608397722336
0.2695644899305892,0.29029551508723156,0.44013999498217926
0.24988685823265805,0.30163243672198037,0.4484807050453617
0.1542645423451952,0.20808779367361538,0.6376476639811894
0.40543024029220553,0.30686496857731693,0.2877047911304775
0.2232284397589373,0.3795813179305188,0.39719024231054384
0.2347147428843994,0.34987962488385643,0.41540563223174415
0.22089365236823177,0.2824106169769298,0.49669573065483835
0.28128990755175376,0.2791063717583626,0.4396037206898836
0.25140158545199504,0.30005152093963566,0.4485468936083692
0.26324267838747056,0.30355708000412895,0.43320024160840054
0.23092854101074584,0.36817603510917146,0.4008954238800828
0.18763101787825306,0.27849221367375687,0.53387676844799
0.5459956022675093,0.2950916835563684,0.15891271417612227
0.2236912407971152,0.2724655012097884,0.5038432579930964
0.25557539529407325,0.33801941595598095,0.40640518874994574
0.23621482412625902,0.3037057060225699,0.46007946985117104
0.23422176583008245,0.3591397147932953,0.40663851937662226
0.1627692644519875,0.23590294218470084,0.6013277933633117
0.1587814643440724,0.23851178156479297,0.6027067540911346
0.4937842047856786,0.3380339181007629,0.1681818771135585
0.21214544700597365,0.230979250052607,0.5568753029414195
0.20929793079826237,0.2318173790235189,0.5588846901782188
0.20984566997799423,0.28308349740384486,0.507070832618161
0.30580754254953085,0.32803622466510696,0.36615623278536213
0.28053187728368,0.3005971148874371,0.4188710078288828
0.40658410836767517,0.3102140571642008,0.28320183446812397
0.25875266531689306,0.2962559063605182,0.4449914283225887
0.3165363077134095,0.25878345562444127,0.42468023666214916
0.24465189413839314,0.3336029255766041,0.4217451802850027
0.5805039909031597,0.2505395845370419,0.1689564245597983
0.31655668103690293,0.32639019908251254,0.35705311988058447
0.18325690556578622,0.2841153437000237,0.5326277507341901
0.3410338973144868,0.3404411547250651,0.31852494796044806
0.4153788217959788,0.3280822774341082,0.25653890076991304
0.34431212273785466,0.3571543638837951,0.2985335133783502
0.28136124812173685,0.3203263286256358,0.39831242325262733
0.28714162363233026,0.3392801341100756,0.37357824225759423
0.23422176583008245,0.3591397147932953,0.40663851937662226
0.38366455336153465,0.30596415822256745,0.3103712884158979
0.2277306385985563,0.26821597391138957,0.5040533874900541
0.26683882988147345,0.3123159447324358,0.42084522538609076
0.3629735320507901,0.33049989908947713,0.30652656885973273
0.1967958312792133,0.33189668173851344,0.47130748698227315
0.2525405574512414,0.3003095658825955,0.4471498766661631
0.24499795079530773,0.2901583880971939,0.4648436611074983
0.3829481225023132,0.3093224567674872,0.30772942073019954
0.28156551899361754,0.3267224878721471,0.3917119931342354
0.19500687362374464,0.27831309134391397,0.5266800350323414
0.26592986297398485,0.4375623664061565,0.2965077706198585
0.37394700253778673,0.3142116393170335,0.3118413581451797
0.1624500273420987,0.21881757661424592,0.6187323960436554
0.21042392509800112,0.307308617035046,0.4822674578669529
0.15161001308833488,0.22335818373886862,0.6250318031727965
0.26454875884766615,0.27629883913700715,0.45915240201532687
0.36162260008252567,0.3494032905309107,0.28897410938656376
0.2336589131567046,0.26983135064559116,0.4965097361977041
0.20208684066312688,0.28020228237102407,0.517710876965849
0.2891085591917435,0.26544744560896383,0.4454439951992927
0.3508975476000112,0.28952583380500935,0.3595766185949795
0.3139904647863288,0.33178574448708165,0.35422379072658955
0.22885073666845362,0.276743386053884,0.4944058772776623
0.21993011723067543,0.26043364230533583,0.5196362404639888
0.2476975531171804,0.3629187507918922,0.38938369609092743
0.21528327831964614,0.3326672894306298,0.452049432249724
0.2179892524077581,0.2647119298776773,0.5172988177145647
0.26546860891516266,0.3317489406034342,0.40278245048140315
0.24925337593303765,0.3060852799101115,0.444661344156851
0.27882492543344567,0.34061581608172337,0.3805592584848309
0.31192638216917734,0.33099607536967224,0.3570775424611505
0.5255702041158682,0.2954216732538664,0.17900812263026536
0.5805039909031597,0.2505395845370419,0.1689564245597983
0.2885291432913277,0.2825926979866563,0.428878158722016
0.2778949257835876,0.28373888106601497,0.43836619315039743
0.16534178546317246,0.2524523986925954,0.5822058158442321
0.2547980370116833,0.2677032766103909,0.47749868637792564
0.24407946637070524,0.2647037540739708,0.49121677955532395
0.26938069056562036,0.32590317680073533,0.4047161326336443
0.26325251610005385,0.2561755531081382,0.480571930791808
0.21267192055130035,0.2470895914963856,0.5402384879523141
0.22343035415422519,0.27790180785610447,0.4986678379896704
0.25186371102835464,0.2985382772691414,0.449598011702504
0.15363947455893434,0.25738521896958916,0.5889753064714764
0.14073318479539537,0.22119851780077765,0.6380682974038271
0.21707608399285186,0.28147504651361627,0.5014488694935318
0.2616033180164995,0.31816551636288565,0.42023116562061485
0.5809302957420143,0.23890615205552215,0.18016355220246355
0.31613662807722415,0.23879919550042045,0.4450641764223554
0.278288694776026,0.38136116656295393,0.34035013866102004
0.4257060876736858,0.2779195011473918,0.2963744111789225
0.3106692473757329,0.28622652180480584,0.4031042308194611
0.24753884514364807,0.333705237112355,0.41875591774399695
0.22276148555589112,0.2558415517142484,0.5213969627298605
0.1879298510383476,0.26105673365582077,0.5510134153058316
0.24005387454715385,0.2768581485463813,0.4830879769064649
0.26777444601401523,0.32055844159642016,0.4116671123895645
0.25509074530904785,0.3533142890812197,0.3915949656097326
0.311993582562269,0.34108680695734306,0.34691961048038805
0.3751824919607156,0.3135332325862476,0.31128427545303683
0.24382401400409495,0.28294590978999334,0.4732300762059117
0.41688318011915715,0.29265626907597203,0.29046055080487093
0.2525377547954643,0.3063745279546657,0.4410877172498701
0.5215913352294482,0.3043536491188688,0.17405501565168288
0.22216677597213424,0.3530868908209861,0.4247463332068797
0.3667473104075722,0.29941406417536937,0.3338386254170585
0.19422028803980257,0.30555354266258905,0.5002261692976084
0.23437259923007195,0.277724906707963,0.4879024940619651
0.39687385615236925,0.3118053279009796,0.2913208159466512
0.3343051359900292,0.3298349568218772,0.3358599071880937
0.2736548424314883,0.2715305744522895,0.4548145831162223
0.14073318479539537,0.22119851780077765,0.6380682974038271
0.18803226711018092,0.26459336371486264,0.5473743691749564
0.5639387468716562,0.2611672794352871,0.1748939736930567
0.2386985048408364,0.27933618039275954,0.481965314766404
0.3624433009894037,0.30268724342879827,0.3348694555817981
0.5809302957420143,0.23890615205552215,0.18016355220246355
0.23424353527780944,0.3004176325954987,0.4653388321266918
0.3355730458644019,0.3325637213634166,0.33186323277218155
0.23420179694907972,0.26057954760240437,0.5052186554485159
0.35013390654216137,0.3524477588528693,0.2974183346049694
0.2304243781986187,0.336808545606936,0.4327670761944454
0.22992575386333974,0.38176094060696925,0.38831330552969096
0.2519432816092737,0.3263525283835501,0.4217041900071763
0.21464875579685147,0.4577968377689814,0.32755440643416706
0.2566802182601515,0.3037504325678771,0.43956934917197144
0.3749697508453088,0.31544251072004015,0.30958773843465104
0.1469170393210058,0.24138868456184748,0.6116942761171467
0.1630052731984421,0.2730753151546689,0.563919411646889
0.28055600354183885,0.31975540307400624,0.3996885933841549
0.15430583259193517,0.2541643844400168,0.5915297829680479
0.2472490607635333,0.278269011984582,0.47448192725188465
0.23707319891671086,0.33046532853150934,0.4324614725517798
0.3277358611609812,0.27690332267610257,0.3953608161629163
0.21441392347836197,0.3140972056444733,0.4714888708771648
0.25797651191030907,0.32778792299902343,0.4142355650906676
0.20798690276441545,0.34814456777917446,0.44386852945641
0.27813589648698134,0.3936683482689675,0.3281957552440512
0.22496914741073257,0.29269092051910456,0.48233993207016274
0.24099750492196428,0.3417142562366335,0.41728823884140226
0.2341165098372087,0.26063261052472286,0.5052508796380684
0.34003706179056664,0.30474886898822334,0.35521406922120996
0.21255730744779347,0.30320376880487343,0.48423892374733296
0.2516075352180886,0.2675807158125039,0.4808117489694076
0.3750339647193201,0.33923926865068343,0.2857267666299965
0.21849774132183977,0.34962827601324714,0.4318739826649132
0.25734299125096466,0.2791085629421321,0.4635484458069033
0.23841234066293265,0.3129269171401833,0.44866074219688407
0.5736455665445038,0.2484500897995246,0.17790434365597155
0.3903130218501108,0.2992743459515218,0.31041263219836746
0.23854522167379338,0.298404494896519,0.4630502834296875
0.1440253145257074,0.20298024527829694,0.6529944401959956
0.3729983680346148,0.31757024639992065,0.30943138556546457
0.5835848084211112,0.23542839700614804,0.1809867945727409
0.25254259369023435,0.31117778202872504,0.4362796242810406
0.2620453950919226,0.266774490330456,0.4711801145776214
0.541589990740863,0.261854128953256,0.19655588030588098
0.28916555152989926,0.3256524212155052,0.3851820272545955
0.411058584176704,0.29984977325891476,0.28909164256438125
0.1701359092531819,0.24507430260276944,0.5847897881440486
0.39216296999459266,0.3007826237027756,0.30705440630263175
0.2526897359235264,0.31815056014041654,0.42915970393605707
0.22793157814731418,0.39934777949884853,0.37272064235383734
0.3888059075120782,0.3323354328947589,0.27885865959316286
0.3625193765891079,0.3499046272553704,0.2875759961555217
0.24606412977190698,0.28653539101398595,0.46740047921410716
0.23236046975414618,0.26864402788646163,0.4989955023593923
0.3390589999953578,0.27427158240363486,0.38666941760100737
0.3024961685601756,0.2987921086451897,0.39871172279463474
0.24034128515919317,0.351568650100668,0.40809006474013876
0.16076331774053537,0.29565439584663633,0.5435822864128282
0.1440253145257074,0.20298024527829694,0.6529944401959956
0.24974060477478502,0.2754702432546368,0.4747891519705781
0.27449531405429534,0.2589646907045291,0.4665399952411755
0.21181843896568525,0.3131951197270443,0.4749864413072705
0.41030021339958184,0.28278642182145447,0.3069133647789637
0.2559709531826019,0.3138268794487506,0.4302021673686476
0.21849774132183977,0.34962827601324714,0.4318739826649132
0.25877276630721635,0.27556236022069214,0.46566487347209135
0.33756029889610234,0.3037858745015293,0.3586538266023683
0.5945746484223783,0.22103028474351424,0.1843950668341075
0.2341165098372087,0.26063261052472286,0.5052508796380684
0.22651870190466802,0.2884400393767233,0.4850412587186086
0.27612412561813104,0.2888156847146248,0.43506018966724413
0.3183467656902273,0.3408047415326103,0.34084849277716234
0.26678042408625824,0.32202889632940046,0.41119067958434136
0.2873884508414973,0.31000456888673544,0.4026069802717672
0.23377513256468901,0.28367972716138007,0.482545140273931
0.3194701631531166,0.26705428648549107,0.41347555036139244
0.3851647786176654,0.29711328933163345,0.3177219320507011
0.15364497091839835,0.2503251136133471,0.5960299154682547
0.2182771871690663,0.24079964337175105,0.5409231694591827
0.20239410101758917,0.36496754360092265,0.4326383553814882
0.3866836889934537,0.3108111893990276,0.30250512160751875
0.5779473421465721,0.24281420719885927,0.17923845065456864
0.16016514274427665,0.2258434705716134,0.6139913866841099
0.21297083008208395,0.33845767630787515,0.4485714936100408
0.1476048554692125,0.21688123731424944,0.635513907216538
0.28218525981998416,0.294911515687398,0.42290322449261786
0.24396700356275114,0.3415569401963745,0.41447605624087436
0.4702017810192532,0.27019210633994534,0.2596061126408016
0.40424295201176863,0.3259597186029222,0.26979732938530915
0.2987460314297792,0.3439094780945559,0.35734449047566486
0.3043488690073209,0.3767741856488367,0.31887694534384237
0.2769096035855339,0.2938230703573093,0.4292673260571568
0.30937257317091565,0.3072547638137823,0.38337266301530204
0.32582816379934354,0.3299009540985345,0.3442708821021219
0.2542434936976724,0.3260153515722553,0.41974115473007234
0.36056455921946534,0.26601342648623155,0.3734220142943031
0.1691221220263281,0.2650985600738088,0.565779317899863
0.40084507366861133,0.3025458151787586,0.29660911115263006
0.3118314539421022,0.2778924709462402,0.41027607511165753
0.1851547377695415,0.2691279546476646,0.5457173075827939
0.1384047789169094,0.25738511118798474,0.6042101098951058
0.36809723339953493,0.3093895817910237,0.3225131848094413
0.25723554515070496,0.35709325095823136,0.3856712038910637
0.40649691947073213,0.24726217582496662,0.34624090470430124
0.5191507744413085,0.2924370701896389,0.1884121553690526
0.29453037896939993,0.3276266794290405,0.37784294160155957
0.20521900549178107,0.29279638153334786,0.5019846129748712
0.23091622988423072,0.3088393135253503,0.46024445659041907
0.22163049336373247,0.2891371619716869,0.4892323446645807
0.24730428774730848,0.264568465635917,0.48812724661677465
0.2817749322503581,0.27192270660472506,0.4463023611449167
0.22389768798185392,0.3459787381169357,0.43012357390121037
0.35787054382034883,0.3292760285826938,0.3128534275969574
0.21840888929996566,0.2774891947160432,0.5041019159839912
0.3475183544091292,0.3290413519443682,0.32344029364650256
0.3296645519534833,0.28749400075999515,0.3828414472865215
0.2893722360101361,0.27949600502777805,0.43113175896208594
0.3310173250596844,0.26775095033417545,0.4012317246061401
0.6116298744047584,0.22344165456826282,0.16492847102697875
0.31733725262761203,0.2980529532740707,0.3846097940983172
0.25054113969939523,0.3261604336971068,0.4232984266034979
0.21592781889748888,0.298251960172246,0.4858202209302651
0.15637884505993005,0.24414450052403258,0.5994766544160373
0.21654849012171337,0.34732728695982196,0.43612422291846475
0.20231475080645223,0.29587427632859603,0.5018109728649517
0.26938407492499983,0.29830504756867954,0.43231087750632075
0.3335419838074665,0.349907208246414,0.3165508079461195
0.21409825300211396,0.25701003206685313,0.5288917149310329
0.2792946970791388,0.3235918491743042,0.39711345374655704
0.2790398031569828,0.31367640482659714,0.40728379201642
0.2535249239436498,0.37111451229887127,0.3753605637574789
0.3120533862180471,0.32038942025118416,0.36755719353076877
0.2503208662186689,0.3747301214582121,0.37494901232311906
0.13413673961389852,0.1810847834212169,0.6847784769648846
0.3240207671542477,0.34792698186306925,0.3280522509826831
0.34420857476682215,0.28551340618642157,0.3702780190467563
0.28743498882039464,0.3237820587119533,0.388782952467652
0.4408733672057488,0.2731630935330674,0.2859635392611838
0.2500446534757862,0.3603652490339779,0.389590097490236
0.21094092457570626,0.30631006697167384,0.48274900845261987
0.23153033987055263,0.27589970830898336,0.49256995182046387
0.1440253145257074,0.20298024527829694,0.6529944401959956
0.21768392669563236,0.27354758977133536,0.5087684835330323
0.2847742532569951,0.4313914470424743,0.2838342997005307
0.2792297412105906,0.32198938277981975,0.39878087600958967
0.1440253145257074,0.20298024527829694,0.6529944401959956
0.22611366696032062,0.37420161422888537,0.39968471881079404
0.2758982287839533,0.3058839393845804,0.4182178318314663
0.34364570703185005,0.3148019201425509,0.34155237282559914
0.34517912944278806,0.31211523083482834,0.34270563972238355
0.27973987627128116,0.3425508951272449,0.37770922860147405
0.24822463855324195,0.4284009791069067,0.3233743823398512
0.3334795393376279,0.38559414714642826,0.2809263135159438
0.23607093287286016,0.27805291172386215,0.48587615540327767
0.40145993121177537,0.2894411123375066,0.30909895645071794
0.6116379278648768,0.22343142946002942,0.16493064267509372
0.30591101653072933,0.3199258208401868,0.37416316262908395
0.37734111409314675,0.2845573875810339,0.3381014983258193
0.5793991092561159,0.2506810848499687,0.16991980589391534
0.25068172093826907,0.3825258703050041,0.3667924087567268
0.3524348514670295,0.32598695603477784,0.32157819249819264
0.13465487615778593,0.18709928493962696,0.678245838902587
0.36752184357314205,0.2869719401105335,0.34550621631632444
0.3734692427828939,0.3311890606582247,0.2953416965588814
0.19724996543591514,0.25812971344794877,0.544620321116136
0.29888397859536303,0.24007966040487,0.46103636099976697
0.18633779503481218,0.3010526060094405,0.5126095989557474
0.1949840074027835,0.3324930624991597,0.47252293009805685
0.24377099785725306,0.2901024329106177,0.4661265692321294
0.29225458689380257,0.33347396893127956,0.37427144417491787
0.2792946970791388,0.3235918491743042,0.39711345374655704
0.3814057552128002,0.2554587202599943,0.36313552452720543
0.3363940485288566,0.32299326380254667,0.3406126876685967
0.27489782846034705,0.2871078192797158,0.4379943522599372
0.3082158894390197,0.29774630704320987,0.3940378035177704
0.30625743577382414,0.30283441881016543,0.39090814541601043
0.2510008998608253,0.40414564733492303,0.34485345280425167
0.2806099742809054,0.3007170295600485,0.41867299615904613
0.3985994706591401,0.27775048743764463,0.32365004190321517
0.1936843921615429,0.3219414775783579,0.4843741302600993
0.3057346229074422,0.25931238088381947,0.43495299620873845
0.3421982567902353,0.2438341113285472,0.4139676318812175
0.24108333389140024,0.34183595451921056,0.4170807115893892
0.3319325127778823,0.3380266370357301,0.3300408501863876
0.4035221803584342,0.2401429588275334,0.35633486081403243
0.3235179097343871,0.3081479873704922,0.36833410289512075
0.20540222064300825,0.2764451784191534,0.5181526009378384
0.3240090262687284,0.3158082905122757,0.3601826832189958
0.3335419838074665,0.349907208246414,0.3165508079461195
0.2247812872212584,0.3059115731692687,0.46930713960947296
0.601942660483579,0.22340462882288675,0.1746527106935342
0.2627512784886885,0.37447020543014764,0.3627785160811638
0.29567638124022566,0.32527424247816644,0.3790493762816079
0.29207038358268816,0.2704462174496051,0.43748339896770666
0.15991270740608451,0.23622591979527058,0.6038613727986449
0.151252437904641,0.21734686150756788,0.6314007005877912
0.21176873735756171,0.2872831498764481,0.5009481127659903
0.4947945646061277,0.26639615517692755,0.23880928021694467
0.2531846914783025,0.2520164893991763,0.4947988191225211
0.24563285842673496,0.28398892694115674,0.4703782146321082
0.24386574677941486,0.29558212519461524,0.46055212802596984
0.33989806630113395,0.32494071094036225,0.33516122275850385
0.36520279116799315,0.3205932340242879,0.314203974807719
0.31808145376457847,0.308745916440235,0.37317262979518656
0.36628109753119537,0.31720487400240405,0.31651402846640064
0.5361896977591549,0.2649962924483676,0.19881400979247746
0.31675891538040546,0.2656570325364091,0.41758405208318544
0.23441466867974714,0.3890939412318981,0.37649139008835475
0.25533765248172047,0.2527136902331127,0.49194865728516673
0.2965207808809443,0.3307467824547611,0.3727324366642946
0.4124771425803439,0.3252644106546858,0.26225844676497034
0.2808915801177026,0.3237676821114603,0.3953407377708371
0.6213991652870635,0.21103803486118533,0.16756279985175115
0.38696367007604926,0.24332077897679216,0.3697155509471586
0.2007564743881097,0.30274595927679965,0.4964975663350908
0.2907215518903913,0.2426539354244254,0.4666245126851834
0.33253757157450614,0.3655096580332306,0.30195277039226315
0.222761811825582,0.26877576688047217,0.5084624212939458
0.2317249463847502,0.4080699432920211,0.36020511032322877
0.33043930221324186,0.28902889560885353,0.3805318021779046
0.24858008679726404,0.32955738191356054,0.4218625312891754
0.29903710732179994,0.3056736312432811,0.39528926143491905
0.2522406016345399,0.3137017881015099,0.4340576102639501
0.3524953077227077,0.3059008676016338,0.3416038246756585
0.3014480025102502,0.30979525328911384,0.3887567442006359
0.15361238799320565,0.2575161415995657,0.5888714704072285
0.24861209222631633,0.3202104559412998,0.43117745183238376
0.2526371278002655,0.27141081103232206,0.4759520611674124
0.3926031015694632,0.2661182744604515,0.34127862397008535
0.4670901239747572,0.25009573028149534,0.2828141457437475
0.3146837911045459,0.26131664324001813,0.423999565655436
0.33132229079518327,0.3681017493839843,0.3005759598208324
0.3948304668782335,0.29378845730232883,0.31138107581943764
0.3443352331044004,0.3012721087087967,0.35439265818680293
0.2044350074838982,0.32789818330796794,0.46766680920813386
0.3946959277777704,0.29168376605104784,0.31362030617118164
0.3669865110140919,0.31905629186298656,0.3139571971229216
0.34438662835942097,0.326817802351423,0.32879556928915604
0.24628722072126394,0.268307513450694,0.4854052658280421
0.17020898164479784,0.30316554646409405,0.5266254718911081
0.342722899978639,0.29172945552914487,0.3655476444922161
0.22001523862544423,0.24530056011284038,0.5346842012617156
0.28646261285682506,0.3190284148191589,0.39450897232401594
0.33861028546020877,0.3400287925421336,0.3213609219976577
0.2791605855631974,0.32360366821810965,0.397235746218693
0.3535361966928314,0.29484226385581164,0.351621539451357
0.22102312022808088,0.2833713238951907,0.4956055558767285
0.24380233282513383,0.2610191651028154,0.4951785020720506
0.3336868803842575,0.35488791242754686,0.31142520718819566
0.43620306030717526,0.30142710371974035,0.26236983597308444
0.1440253145257074,0.20298024527829694,0.6529944401959956
0.13413673961389852,0.1810847834212169,0.6847784769648846
0.23159093501576666,0.26970553086499627,0.4987035341192372
0.2506430651354215,0.3394565445143701,0.40990039035020837
0.3482484149278204,0.3153194693500381,0.3364321157221416
0.2264972381420817,0.2066276754188198,0.5668750864390985
0.40305184304458747,0.3096407590529979,0.2873073979024146
0.3061811110518293,0.26728497641652443,0.4265339125316463
0.33300193664367,0.29808962056735916,0.3689084427889709
0.2502358886063626,0.2959885043114279,0.45377560708220954
0.35431740700089587,0.31956699410559763,0.3261155988935065
0.3971421698143095,0.29260233092519505,0.31025549926049545
0.2258166434505669,0.27486110136329006,0.49932225518614304
0.31733725262761203,0.2980529532740707,0.3846097940983172
0.3071781981896732,0.3007383917760423,0.39208341003428454
0.2059235498407082,0.3003680077709246,0.4937084423883673
0.2696792453361142,0.3453284047950186,0.3849923498688673
0.24742688553184497,0.3091501663152459,0.4434229481529091
0.3445111981765566,0.323024666981792,0.33246413484165144
0.37425105755184623,0.32335465697589993,0.3023942854722539
0.15783754593815622,0.23709388520279062,0.6050685688590531
0.38696367007604926,0.24332077897679216,0.3697155509471586
0.6213991652870635,0.21103803486118533,0.16756279985175115
0.29388691213262286,0.300732620137134,0.4053804677302431
0.1532946448603306,0.20677949674000473,0.6399258583996648
0.18813211786770956,0.2438471774647426,0.568020704667548
0.2752009407138433,0.39899610530217233,0.3258029539839843
0.6368787354731525,0.19138433592536647,0.17173692860148088
0.26138940327106114,0.2909646262592962,0.44764597046964266
0.330474666433524,0.33814446103221363,0.33138087253426246
0.2044350074838982,0.32789818330796794,0.46766680920813386
0.2235183860499131,0.3576620403447772,0.41881957360530964
0.26500558138710034,0.31799715473656326,0.4169972638763364
0.19706071146005505,0.2439041255647064,0.5590351629752386
0.4336938081768433,0.2837461567985911,0.28256003502456567
0.29313413661597115,0.3584230890104213,0.3484427743736075
0.2146366290774932,0.46775872971219784,0.31760464121030896
0.23447675778801438,0.2441120603424005,0.5214111818695851
0.36081810383190926,0.2970969522267396,0.3420849439413512
0.16374279399634178,0.2589339182794744,0.5773232877241838
0.32598994165394246,0.33547941104364665,0.3385306473024109
0.20736283331520866,0.3053842299860912,0.4872529366987
0.26318867082399905,0.26996644432825934,0.4668448848477417
0.39287393656411895,0.29056359893527794,0.31656246450060316
0.2284645328256892,0.26185368317779256,0.5096817839965181
0.3675673801563125,0.29156068278931024,0.34087193705437724
0.3377448310452289,0.3002457652379487,0.36200940371682233
0.35482127918406986,0.29177575771314335,0.35340296310278685
0.3058927014496988,0.32241197054679177,0.3716953280035093
0.16016514274427665,0.2258434705716134,0.6139913866841099
0.6318610015650653,0.19775512208958576,0.1703838763453489
0.40844009027935363,0.274196370022515,0.31736353969813125
0.3201512029232794,0.26394591031539,0.4159028867613305
0.24703338122322885,0.2876640595600793,0.46530255921669184
0.3575679853697911,0.29902218479607895,0.3434098298341298
0.19032941742102572,0.26382164685912973,0.5458489357198445
0.21300058050677778,0.3545167431120684,0.4324826763811538
0.35169448094415356,0.3092396441725941,0.3390658748832523
0.33175454022011686,0.27978515594461656,0.38846030383526664
0.3525609436750352,0.39375836317293567,0.2536806931520291
0.3390127940762498,0.2966195028788032,0.3643677030449471
0.26958475074893773,0.2764624007282545,0.45395284852280776
0.3774332072819721,0.302655277951432,0.3199115147665959
0.34929822095536417,0.2938133934540505,0.3568883855905853
0.40385968716246157,0.26148337090049323,0.33465694193704515
0.2807515919407956,0.3662952712555304,0.35295313680367396
0.3693353035373739,0.25817881904765205,0.37248587741497396
0.29240250715611477,0.36063393610743943,0.3469635567364457
0.407862869140733,0.29042538994579753,0.3017117409134694
0.19295444321127442,0.2763318530409672,0.5307137037477583
0.2675695303089854,0.3407944976215638,0.39163597206945094
0.24785675601890664,0.2501734096199931,0.5019698343611002
0.28573315319994935,0.3045715482308254,0.40969529856922543
0.2506269450178311,0.32532339954583883,0.42404965543633005
0.3569618121968764,0.2857807828042091,0.3572574049989145
0.2918402918227731,0.2712468304144859,0.43691287776274096
0.38484647044253945,0.2720789084562468,0.34307462110121373
0.31891746922699893,0.35473988784323096,0.3263426429297701
0.3888685816988147,0.2551405983445836,0.3559908199566017
0.17501316172719913,0.28275620849802163,0.5422306297747793
0.28835648551065923,0.26071652741880713,0.45092698707053364
0.29530765138067294,0.3091988006108204,0.39549354800850656
0.16189554906117481,0.2528048848923871,0.585299566046438
0.2962867414584441,0.3021480326892703,0.40156522585228566
0.1440253145257074,0.20298024527829694,0.6529944401959956
0.3322396428520656,0.3133941363349179,0.35436622081301644
0.2332976828328739,0.40405246485714064,0.36264985230998553
0.2691415025946308,0.3297759330374346,0.40108256436793455
0.3501242726786947,0.24473553885641744,0.40514018846488786
0.20593130890028852,0.27093588148105163,0.5231328096186599
0.26484912797249904,0.3644956845156298,0.37065518751187115
0.3247003427226073,0.3227233893840301,0.35257626789336266
0.27424584306148425,0.3493034914003084,0.3764506655382073
0.1507855212769879,0.22202943295161723,0.6271850457713948
0.545828353655549,0.26826363995239233,0.1859080063920586
0.4125528974473152,0.28890828823596265,0.298538814316722
0.2511688017391333,0.3511448497271476,0.39768634853371915
0.222759892711982,0.26305172586738734,0.5141883814206308
0.22145221890790912,0.26083445990454357,0.5177133211875473
0.39199481178781204,0.28955876623583887,0.3184464219763491
0.32608480534798523,0.29147713179164725,0.3824380628603676
0.2258166434505669,0.27486110136329006,0.49932225518614304
0.2332976828328739,0.40405246485714064,0.36264985230998553
0.1845758798184183,0.2827111921147473,0.5327129280668342
0.3843095908857085,0.32700530896118846,0.2886851001531031
0.25384220953938397,0.29903554027618123,0.4471222501844347
0.2923610009740413,0.31273267222128037,0.39490632680467835
0.27119498222557,0.30828220189083944,0.42052281588359064
0.2801696222038063,0.36565981645739043,0.35417056133880326
0.24591416744628194,0.25285776199439225,0.5012280705593258
0.29946208871159985,0.2877798543779387,0.4127580569104616
0.1684010444580685,0.2915051441600035,0.540093811381928
0.23989463414201223,0.3024296954076451,0.4576756704503427
0.5936062274406493,0.2336239253981558,0.17276984716119484
0.25300329498336727,0.41608410723231515,0.33091259778431753
0.17090169565170832,0.23857116023610828,0.5905271441121834
0.4351854656834976,0.27459888183986797,0.29021565247663444
0.2593448555028486,0.3926935972204419,0.3479615472767094
0.4503311662914712,0.2505245903563667,0.29914424335216205
0.4340014162315848,0.25906176518790414,0.3069368185805112
0.26092391728638803,0.32115632864094934,0.4179197540726626
0.35058382020710743,0.27608163248595535,0.37333454730693727
0.27272584058565646,0.3760074199177915,0.35126673949655207
0.2641385065245278,0.38999174663032726,0.34586974684514504
0.21848538673693588,0.2521259746752744,0.5293886385877897
0.29247009559451353,0.2543027214044486,0.45322718300103787
0.22600869624668113,0.2927162880527647,0.48127501570055425
0.31160397469078827,0.3389476294821722,0.3494483958270396
0.21194112209406882,0.29258069865515185,0.4954781792507793
0.24725380671101244,0.2674303296483794,0.48531586364060814
0.22451986162456827,0.2713531518993936,0.5041269864760382
0.1440253145257074,0.20298024527829694,0.6529944401959956
0.3321941616132305,0.2979117196019587,0.36989411878481077
0.23012018830805045,0.2751131915633868,0.4947666201285628
0.23868469294760686,0.2891891117740683,0.4721261952783248
0.2051425356960692,0.3990122149433359,0.39584524936059484
0.2570872364874828,0.33543309779337444,0.40747966571914285
0.14939642471763745,0.20988206928469652,0.6407215059976661
0.493529076700498,0.256562458858133,0.24990846444136905
0.32680295215737437,0.24685618536830897,0.42634086247431663
0.33558878935875813,0.2431019759726066,0.4213092346686352
